repository,LCOM5,NL,NLE,WMC,CBO,CBOI,NII,NOI,RFC,CD,CLOC,DIT,NOA,NOC,NOD,NOP,LOC,LLOC,NA,NM,NLA,NLM,NOS,TLOC,TLLOC,TNA,TNM,TNLA,TNLM,TNOS
freqtrade_freqtrade,2.634005763688761,0.0,0.0,12.495677233429396,0.23919308357348704,0.0,0.0,0.06051873198847262,4.144092219020173,0.0,22.22478386167147,0.25936599423631124,0.25936599423631124,0.16714697406340057,0.25936599423631124,0.16714697406340057,89.31412103746398,70.21613832853026,0.0,4.469740634005763,0.0,4.083573487031701,29.26801152737752,90.04322766570606,70.68876080691642,0.0,4.510086455331412,0.0,4.100864553314121,29.582132564841498
oobabooga_text-generation-webui,3.683333333333333,0.0,0.0,11.916666666666666,0.23333333333333334,0.0,0.0,0.11666666666666667,4.666666666666667,0.0,4.25,0.16666666666666666,0.16666666666666666,0.15,0.16666666666666666,0.15,59.38333333333333,45.016666666666666,0.0,5.416666666666667,0.0,4.55,32.733333333333334,59.38333333333333,45.016666666666666,0.0,5.466666666666667,0.0,4.55,32.733333333333334
matplotlib_matplotlib,3.9966139954853275,0.0,0.0,13.98081264108352,0.6805869074492099,0.0,0.0,0.6388261851015802,6.3352144469525955,0.0,40.40744920993228,0.5428893905191874,0.572234762979684,0.345372460496614,0.572234762979684,0.345372460496614,104.38600451467269,83.2020316027088,0.0,14.445823927765238,0.0,5.696388261851016,35.50112866817156,106.36455981941309,84.68510158013544,0.0,14.651241534988714,0.0,5.808126410835214,36.10835214446953
OpenBB-finance_OpenBBTerminal,5.988593155893536,0.0,0.0,27.73384030418251,0.06463878326996197,0.0,0.0,0.18631178707224336,7.612167300380228,0.0,34.81749049429658,0.011406844106463879,0.011406844106463879,0.011406844106463879,0.011406844106463879,0.011406844106463879,269.106463878327,236.58555133079847,0.0,7.623574144486692,0.0,7.425855513307985,66.96958174904942,269.11406844106466,236.57794676806083,0.0,7.661596958174905,0.0,7.425855513307985,66.96958174904942
huggingface_diffusers,3.369406021155411,0.0,0.0,16.808787632221318,0.24003254678600489,0.0,0.0,0.39137510170870626,5.538649308380798,0.0,31.545972335231895,0.03905614320585842,0.03905614320585842,0.03173311635475997,0.03905614320585842,0.03173311635475997,152.0878763222132,117.53213995117981,0.0,5.2620016273393,0.0,5.147274206672091,51.53946297803092,152.0919446704638,117.53458096013019,0.0,5.4556550040683485,0.0,5.157038242473556,51.57119609438568
pypa_pipenv,2.9716183574879227,0.0,0.0,11.831521739130435,0.5996376811594203,0.0,0.0,0.34842995169082125,4.4227053140096615,0.0,14.909420289855072,0.607487922705314,0.6153381642512077,0.4190821256038647,0.6153381642512077,0.4190821256038647,64.68840579710145,50.31400966183575,0.0,9.105676328502415,0.0,4.074275362318841,25.040458937198068,64.8677536231884,50.45289855072464,0.0,9.21135265700483,0.0,4.0893719806763285,25.10326086956522
numpy_numpy,3.725853094274147,0.0,0.0,7.5430884904569115,0.44881434355118566,0.0,0.0,0.5054945054945055,4.937536148062464,0.0,11.104106419895894,0.3383458646616541,0.37536148062463853,0.27125506072874495,0.37536148062463853,0.27125506072874495,62.31578947368421,48.249277038750726,0.0,7.200115673799885,0.0,4.432041642567959,29.521110468478888,62.33256217466744,48.26431463273568,0.0,7.436668594563331,0.0,4.534412955465587,29.703875072296125
nicolargo_glances,4.416666666666667,0.0,0.0,23.541666666666668,0.225,0.0,0.0,0.23333333333333334,7.783333333333333,0.0,35.88333333333333,0.058333333333333334,0.058333333333333334,0.058333333333333334,0.058333333333333334,0.058333333333333334,139.25,98.925,0.0,8.425,0.0,7.55,57.225,139.25,98.925,0.0,8.45,0.0,7.55,57.225
lllyasviel_ControlNet,2.6979166666666665,0.0,0.0,9.695833333333333,0.34375,0.0,0.0,0.29375,3.716666666666667,0.0,17.860416666666666,0.16041666666666668,0.16041666666666668,0.1375,0.16041666666666668,0.1375,74.24375,56.516666666666666,0.0,4.64375,0.0,3.4229166666666666,28.339583333333334,74.24375,56.516666666666666,0.0,4.714583333333334,0.0,3.4229166666666666,28.339583333333334
Lightning-AI_lightning,2.624752475247525,0.0,0.0,5.842079207920792,0.23366336633663368,0.0,0.0,0.07722772277227723,3.2955445544554456,0.0,7.592574257425743,0.05247524752475247,0.054455445544554455,0.0504950495049505,0.054455445544554455,0.0504950495049505,34.201980198019804,26.612871287128712,0.0,3.3876237623762377,0.0,3.2183168316831683,12.662376237623763,34.20445544554455,26.615346534653465,0.0,3.4361386138613863,0.0,3.2212871287128713,12.66881188118812
gradio-app_gradio,3.1555555555555554,0.0,0.0,8.686111111111112,0.21388888888888888,0.0,0.0,0.15555555555555556,4.105555555555555,0.0,11.402777777777779,0.11388888888888889,0.11388888888888889,0.10555555555555556,0.11388888888888889,0.10555555555555556,82.94166666666666,73.49444444444444,0.0,3.9444444444444446,0.0,3.95,26.880555555555556,82.94166666666666,73.49444444444444,0.0,4.444444444444445,0.0,3.975,26.930555555555557
mindsdb_mindsdb,2.6347087378640777,0.0,0.0,11.055825242718447,0.17233009708737865,0.0,0.0,0.13713592233009708,4.390776699029126,0.0,11.949029126213592,0.11650485436893204,0.11650485436893204,0.10922330097087378,0.11650485436893204,0.10922330097087378,80.4623786407767,64.71116504854369,0.0,4.481796116504855,0.0,4.253640776699029,31.743932038834952,80.55461165048544,64.7864077669903,0.0,4.560679611650485,0.0,4.262135922330097,31.765776699029125
python-telegram-bot_python-telegram-bot,3.5822784810126582,0.0,0.0,7.170886075949367,0.4291139240506329,0.0,0.0,0.0670886075949367,5.189873417721519,0.0,28.253164556962027,0.3518987341772152,0.3518987341772152,0.2810126582278481,0.3518987341772152,0.2810126582278481,108.99493670886076,84.44810126582279,0.0,5.546835443037975,0.0,5.122784810126582,29.383544303797468,109.6367088607595,84.8873417721519,0.0,6.334177215189873,0.0,5.270886075949367,29.631645569620254
google_jax,6.655097613882863,0.0,0.0,11.154013015184383,0.37310195227765725,0.0,0.0,1.5574837310195229,12.686550976138829,0.0,11.226681127982646,0.15509761388286333,0.1648590021691974,0.13882863340563992,0.1648590021691974,0.13882863340563992,112.97288503253796,90.14316702819957,0.0,8.686550976138829,0.0,11.129067245119305,48.92733188720174,113.0173535791757,90.17570498915401,0.0,12.771149674620391,0.0,11.189804772234273,49.01626898047722
n00mkrad_flowframes,3.3421052631578947,0.0,0.0,12.939628482972136,0.6927244582043344,0.0,0.0,0.5325077399380805,5.154024767801857,0.0,19.351393188854487,0.5379256965944272,0.5534055727554179,0.3475232198142415,0.5534055727554179,0.3475232198142415,73.05804953560371,54.777863777089784,0.0,11.992260061919504,0.0,4.621517027863777,29.0812693498452,73.43962848297214,55.06424148606811,0.0,12.16795665634675,0.0,4.680340557275541,29.24458204334365
gunthercox_ChatterBot,1.0942028985507246,0.0,0.0,1.5960144927536233,0.06884057971014493,0.0,0.0,0.021739130434782608,1.201086956521739,0.0,2.527173913043478,0.04710144927536232,0.04710144927536232,0.04710144927536232,0.04710144927536232,0.04710144927536232,18.67572463768116,14.632246376811594,0.0,1.306159420289855,0.0,1.1793478260869565,5.635869565217392,18.76086956521739,14.681159420289855,0.0,1.318840579710145,0.0,1.1865942028985508,5.648550724637682
merenlab_anvio,4.083950617283951,0.0,0.0,31.044444444444444,0.9037037037037037,0.0,0.0,0.7481481481481481,6.222222222222222,0.0,38.14074074074074,0.5160493827160494,0.5728395061728395,0.4074074074074074,0.5728395061728395,0.4074074074074074,200.84197530864196,147.95802469135802,0.0,8.51358024691358,0.0,5.474074074074074,92.23950617283951,200.8740740740741,147.99012345679012,0.0,8.580246913580247,0.0,5.476543209876543,92.24938271604938
pyecharts_pyecharts,1.365979381443299,0.0,0.0,3.077319587628866,0.25257731958762886,0.0,0.0,0.13917525773195877,1.6597938144329898,0.0,1.3350515463917525,0.18556701030927836,0.18556701030927836,0.18041237113402062,0.18556701030927836,0.18041237113402062,38.05670103092783,35.28865979381443,0.0,1.8969072164948453,0.0,1.5206185567010309,6.087628865979381,38.05670103092783,35.28865979381443,0.0,1.902061855670103,0.0,1.5206185567010309,6.087628865979381
wenhao-gao_mol_opt,2.9334470989761092,0.0,0.0,8.447098976109215,0.3890784982935154,0.0,0.0,0.4778156996587031,4.436860068259386,0.0,15.870307167235495,0.12457337883959044,0.12457337883959044,0.12457337883959044,0.12457337883959044,0.12457337883959044,68.28498293515358,51.267918088737204,0.0,4.71160409556314,0.0,3.9590443686006824,29.83788395904437,68.31569965870307,51.29863481228669,0.0,4.873720136518771,0.0,3.9590443686006824,29.83788395904437
ludwig-ai_ludwig,2.404494382022472,0.0,0.0,5.129213483146067,0.599250936329588,0.0,0.0,0.2247191011235955,2.960674157303371,0.0,6.557116104868914,0.5580524344569289,0.5720973782771536,0.5,0.5720973782771536,0.5,48.66385767790262,39.60299625468165,0.0,4.057116104868914,0.0,2.735955056179775,11.404494382022472,48.68352059925093,39.61329588014981,0.0,4.110486891385768,0.0,2.752808988764045,11.48314606741573
aleju_imgaug,6.589189189189189,0.0,0.0,13.074594594594595,0.5891891891891892,0.0,0.0,0.8443243243243244,9.062702702702703,0.0,36.8,0.5318918918918919,0.5318918918918919,0.3643243243243243,0.5318918918918919,0.3643243243243243,137.7816216216216,95.06378378378379,0.0,21.410810810810812,0.0,8.218378378378379,51.81837837837838,137.7881081081081,95.07027027027027,0.0,21.726486486486486,0.0,8.284324324324324,51.92648648648649
twitter_the-algorithm-ml,0.9202898550724637,0.0,0.0,2.5652173913043477,0.13768115942028986,0.0,0.0,0.15942028985507245,1.2753623188405796,0.0,4.594202898550725,0.050724637681159424,0.050724637681159424,0.050724637681159424,0.050724637681159424,0.050724637681159424,24.159420289855074,18.77536231884058,0.0,1.210144927536232,0.0,1.1159420289855073,7.239130434782608,24.18840579710145,18.78985507246377,0.0,1.2391304347826086,0.0,1.1159420289855073,7.239130434782608
SiCKRAGE_SiCKRAGE,1.9415954415954415,0.0,0.0,9.131054131054132,0.37037037037037035,0.0,0.0,0.24074074074074073,3.0712250712250713,0.0,7.497150997150997,0.29772079772079774,0.29772079772079774,0.2934472934472934,0.29772079772079774,0.2934472934472934,49.49287749287749,38.55555555555556,0.0,4.1424501424501425,0.0,2.8304843304843303,21.900284900284902,49.774928774928775,38.837606837606835,0.0,4.166666666666667,0.0,2.8304843304843303,21.900284900284902
jopohl_urh,7.630252100840337,0.0,0.0,24.92156862745098,0.07563025210084033,0.0,0.0,0.05042016806722689,10.666666666666666,0.0,6.190476190476191,0.025210084033613446,0.025210084033613446,0.025210084033613446,0.025210084033613446,0.025210084033613446,144.84593837535013,118.58823529411765,0.0,10.7703081232493,0.0,10.61624649859944,91.76470588235294,145.26610644257704,118.94397759103641,0.0,10.84593837535014,0.0,10.641456582633053,91.94117647058823
unifyai_ivy,7.777158774373259,0.0,0.0,14.493036211699165,0.24512534818941503,0.0,0.0,0.16434540389972144,9.696378830083566,0.0,151.69359331476323,0.38997214484679665,0.38997214484679665,0.20334261838440112,0.38997214484679665,0.20334261838440112,270.8050139275766,258.9442896935933,0.0,10.579387186629527,0.0,9.532033426183844,23.573816155988858,270.8050139275766,258.9442896935933,0.0,10.671309192200557,0.0,9.532033426183844,23.573816155988858
jyrkioraskari_IFCtoLBD,3.390138408304498,0.0,0.0,13.607266435986158,0.7275086505190311,0.0,0.0,0.5648788927335641,5.283737024221454,0.0,21.749134948096884,0.5865051903114187,0.6089965397923875,0.3754325259515571,0.6089965397923875,0.3754325259515571,75.81920415224913,55.99221453287197,0.0,13.249134948096886,0.0,4.718858131487889,29.657439446366784,76.24221453287197,56.311418685121104,0.0,13.42560553633218,0.0,4.7854671280276815,29.84083044982699
smicallef_spiderfoot,3.917985611510791,0.0,0.0,16.005755395683455,0.6302158273381295,0.0,0.0,0.19280575539568345,5.302158273381295,0.0,8.666187050359712,0.0,0.0,0.0,0.0,0.0,106.09640287769784,82.2589928057554,0.0,4.9784172661870505,0.0,5.109352517985611,50.992805755395686,106.09640287769784,82.2589928057554,0.0,5.110791366906475,0.0,5.110791366906475,50.99424460431655
intel_dffml,1.6154791154791155,0.0,0.0,4.125307125307125,0.5171990171990172,0.0,0.0,0.11793611793611794,2.0823095823095823,0.0,6.530712530712531,0.12776412776412777,0.13144963144963145,0.11547911547911548,0.13144963144963145,0.11547911547911548,36.616707616707615,28.963144963144963,0.0,2.1867321867321867,0.0,1.9643734643734643,11.334152334152334,36.616707616707615,28.963144963144963,0.0,2.230958230958231,0.0,1.972972972972973,11.342751842751843
CMSgov_bluebutton-web-server,1.2170385395537526,0.0,0.0,3.342799188640974,0.19878296146044624,0.0,0.0,0.07302231237322515,1.924949290060852,0.0,5.655172413793103,0.09939148073022312,0.09939148073022312,0.08924949290060852,0.09939148073022312,0.08924949290060852,44.393509127789045,35.46653144016227,0.0,2.0628803245436105,0.0,1.8519269776876268,12.28397565922921,44.95131845841785,36.02434077079108,0.0,2.160243407707911,0.0,1.8559837728194726,12.290060851926977
saltstack_salt,4.087695133149679,0.0,0.0,10.787878787878787,0.46786042240587694,0.0,0.0,0.25206611570247933,5.435720844811754,0.0,17.652433425160698,0.22268135904499542,0.28879706152433426,0.22681359044995408,0.28879706152433426,0.22681359044995408,105.40449954086317,89.38842975206612,0.0,6.53030303030303,0.0,5.183654729109275,33.00826446280992,105.84297520661157,89.75528007346189,0.0,6.749770431588614,0.0,5.299816345270891,33.18549127640037
karlproject_karl,2.1816160118606374,0.0,0.0,4.902149740548555,0.41215715344699777,0.0,0.0,0.07783543365455893,4.184581171237954,0.0,1.8858413639733136,0.10971089696071164,0.11045218680504076,0.10378057820607858,0.11045218680504076,0.10378057820607858,44.040770941438105,37.51223128243143,0.0,4.349147516679022,0.0,4.106745737583395,24.560415122312826,44.040770941438105,37.51223128243143,0.0,4.58932542624166,0.0,4.178650852483321,24.660489251297257
Rparadise-Team_Koriki,1.7257019438444925,0.0,0.0,5.0809935205183585,0.519438444924406,0.0,0.0,0.2840172786177106,2.58963282937365,0.0,6.6274298056155505,0.49352051835853133,0.5161987041036717,0.4503239740820734,0.5161987041036717,0.4503239740820734,25.463282937365012,19.49460043196544,0.0,4.292656587473002,0.0,2.3056155507559395,10.795896328293736,25.503239740820735,19.52375809935205,0.0,4.314254859611231,0.0,2.308855291576674,10.818574514038877
ietf-tools_datatracker,1.4680377987770983,0.0,0.0,4.421345191773208,0.1717620900500278,0.0,0.0,0.13841022790439134,2.095052807115064,0.0,5.621456364647026,0.11951083935519734,0.11951083935519734,0.1122846025569761,0.11951083935519734,0.1122846025569761,46.525847693162866,38.449694274597,0.0,2.3563090605892163,0.0,1.9566425792106725,21.30350194552529,48.672040022234576,40.43857698721512,0.0,2.423568649249583,0.0,1.971650917176209,21.407448582545857
borgbackup_borg,3.044943820224719,0.0,0.0,11.0,0.5430711610486891,0.0,0.0,0.6254681647940075,4.876404494382022,0.0,9.071161048689138,0.29213483146067415,0.40074906367041196,0.30711610486891383,0.40074906367041196,0.30711610486891383,76.5505617977528,64.37078651685393,0.0,6.99625468164794,0.0,4.250936329588015,35.2247191011236,77.05243445692884,64.67415730337079,0.0,7.400749063670412,0.0,4.348314606741573,35.37078651685393
pytorch_audio,2.127450980392157,0.0,0.0,5.340336134453781,0.2605042016806723,0.0,0.0,0.33613445378151263,3.7282913165266107,0.0,14.214285714285714,0.0784313725490196,0.0896358543417367,0.08823529411764706,0.0896358543417367,0.08823529411764706,59.32212885154062,47.01820728291317,0.0,3.5252100840336134,0.0,3.392156862745098,20.393557422969188,59.35294117647059,47.03221288515406,0.0,3.5826330532212887,0.0,3.392156862745098,20.393557422969188
cfpb_consumerfinance.gov,2.2620215897939158,0.0,0.0,3.5829244357212953,0.11187438665358194,0.0,0.0,0.0873405299313052,2.7909715407262023,0.0,2.227674190382728,0.05986261040235525,0.05986261040235525,0.05986261040235525,0.05986261040235525,0.05986261040235525,40.63788027477919,35.097154072620214,0.0,2.842001962708538,0.0,2.703631010794897,11.525024533856723,41.10107948969578,35.556427870461235,0.0,2.872423945044161,0.0,2.7134445534838076,11.538763493621197
facebookresearch_ParlAI,2.062176165803109,0.0,0.0,6.859671848013817,0.4162348877374784,0.0,0.0,0.3609671848013817,3.1748704663212437,0.0,10.961139896373057,0.3687392055267703,0.3803972366148532,0.3026770293609672,0.3803972366148532,0.3026770293609672,54.18091537132988,44.931347150259064,0.0,5.026338514680484,0.0,2.813903281519862,19.93782383419689,54.19516407599309,44.939982728842836,0.0,5.065198618307426,0.0,2.8173575129533677,19.944732297063904
apollos_opencv-practice,2.0,0.0,0.0,5.912832929782082,0.01937046004842615,0.0,0.0,0.12832929782082325,2.8934624697336564,0.0,16.929782082324454,0.01937046004842615,0.01937046004842615,0.01937046004842615,0.01937046004842615,0.01937046004842615,51.389830508474574,26.661016949152543,0.0,2.8813559322033897,0.0,2.765133171912833,19.966101694915253,51.389830508474574,26.661016949152543,0.0,2.8813559322033897,0.0,2.765133171912833,19.966101694915253
Mikubill_sd-webui-controlnet,2.6939571150097468,0.0,0.0,8.96393762183236,0.33723196881091616,0.0,0.0,0.4249512670565302,3.898635477582846,0.0,18.189083820662766,0.10331384015594541,0.10721247563352826,0.09941520467836257,0.10721247563352826,0.09941520467836257,72.93859649122807,56.919103313840154,0.0,3.853801169590643,0.0,3.473684210526316,28.167641325536064,72.98148148148148,56.960038986354775,0.0,3.9717348927875245,0.0,3.478557504873294,28.183235867446395
dragonpilot-community_dp-devel,2.8891402714932126,0.0,0.0,12.352941176470589,0.20361990950226244,0.0,0.0,0.3212669683257919,4.221719457013575,0.0,7.452488687782806,0.07013574660633484,0.0746606334841629,0.06787330316742081,0.0746606334841629,0.06787330316742081,67.99321266968326,52.5,0.0,4.052036199095022,0.0,3.9004524886877827,36.748868778280546,68.02262443438914,52.529411764705884,0.0,4.104072398190045,0.0,3.9004524886877827,36.748868778280546
pyodide_pyodide,2.4239130434782608,0.0,0.0,4.130434782608695,0.31521739130434784,0.0,0.0,0.07608695652173914,2.9239130434782608,0.0,13.228260869565217,0.18478260869565216,0.18478260869565216,0.16304347826086957,0.18478260869565216,0.16304347826086957,35.5,27.902173913043477,0.0,4.3478260869565215,0.0,2.847826086956522,8.293478260869565,35.67391304347826,28.07608695652174,0.0,4.456521739130435,0.0,2.847826086956522,8.293478260869565
jorisschellekens_borb,3.0460921843687374,0.0,0.0,9.70941883767535,0.07615230460921844,0.0,0.0,0.03406813627254509,3.961923847695391,0.0,21.63326653306613,0.04008016032064128,0.04008016032064128,0.03406813627254509,0.04008016032064128,0.03406813627254509,132.6813627254509,107.3006012024048,0.0,4.052104208416834,0.0,3.9278557114228456,34.97394789579158,132.97394789579158,107.5190380761523,0.0,4.12625250501002,0.0,3.9478957915831665,35.100200400801604
spotDL_spotify-downloader,1.396551724137931,0.0,0.0,7.206896551724138,0.3620689655172414,0.0,0.0,0.034482758620689655,1.8275862068965518,0.0,21.017241379310345,0.034482758620689655,0.10344827586206896,0.10344827586206896,0.10344827586206896,0.10344827586206896,67.84482758620689,50.94827586206897,0.0,1.793103448275862,0.0,1.793103448275862,17.82758620689655,67.84482758620689,50.94827586206897,0.0,1.793103448275862,0.0,1.793103448275862,17.82758620689655
Rapptz_discord.py,2.9788838612368025,0.0,0.0,7.46606334841629,0.44042232277526394,0.0,0.0,0.13725490196078433,3.5052790346907994,0.0,24.184012066365007,0.37104072398190047,0.38009049773755654,0.30165912518853694,0.38009049773755654,0.30165912518853694,60.717948717948715,45.45399698340875,0.0,4.171945701357466,0.0,3.368024132730015,14.951734539969834,60.7209653092006,45.457013574660635,0.0,4.254901960784314,0.0,3.3936651583710407,14.971342383107089
networkx_networkx,5.6735751295336785,0.0,0.0,10.791018998272884,0.3022452504317789,0.0,0.0,0.22452504317789293,6.867012089810017,0.0,20.248704663212436,0.2659758203799655,0.26770293609671847,0.20207253886010362,0.26770293609671847,0.20207253886010362,104.74611398963731,85.62003454231433,0.0,8.373056994818652,0.0,6.642487046632124,46.22452504317789,104.93264248704664,85.73747841105354,0.0,8.57685664939551,0.0,6.689119170984456,46.30224525043178
OpenBMB_ChatDev,2.9731543624161074,0.0,0.0,9.322147651006711,0.40939597315436244,0.0,0.0,0.08053691275167785,4.416107382550336,0.0,8.395973154362416,0.18120805369127516,0.18120805369127516,0.18120805369127516,0.18120805369127516,0.18120805369127516,47.1744966442953,41.12080536912752,0.0,5.174496644295302,0.0,4.3355704697986575,24.174496644295303,47.1744966442953,41.12080536912752,0.0,5.214765100671141,0.0,4.3355704697986575,24.174496644295303
neuropsychology_NeuroKit,0.0,0.0,0.0,0.0,0.0,0.0,0.0,0.0,0.0,0.0,4.0,0.0,0.0,0.0,0.0,0.0,2.0,1.0,0.0,0.0,0.0,0.0,0.0,2.0,1.0,0.0,0.0,0.0,0.0,0.0
comfyanonymous_ComfyUI,2.343680709534368,0.0,0.0,6.8913525498891355,0.5121951219512195,0.0,0.0,0.44567627494456763,3.1818181818181817,0.0,6.902439024390244,0.08869179600886919,0.08869179600886919,0.07317073170731707,0.08869179600886919,0.07317073170731707,54.92461197339246,44.42572062084257,0.0,3.1773835920177382,0.0,2.7361419068736144,23.787139689578716,55.04656319290466,44.53880266075388,0.0,3.2505543237250554,0.0,2.745011086474501,23.851441241685144
apache_tvm,1.8192004845548153,0.0,0.0,4.935493640218049,0.4000605693519079,0.0,0.0,0.21199273167777105,2.4043004239854633,0.0,9.581465778316172,0.3940036341611145,0.3949121744397335,0.32162325863113267,0.3949121744397335,0.32162325863113267,39.16989703210176,31.412174439733494,0.0,3.2283464566929134,0.0,2.1923076923076925,13.825560266505148,39.2931556632344,31.498788612961842,0.0,3.3473652331920047,0.0,2.2286493034524533,13.969109630526953
reflex-dev_reflex,0.947261663286004,0.0,0.0,2.7849898580121706,0.20689655172413793,0.0,0.0,0.06490872210953347,1.3468559837728196,0.0,11.872210953346856,0.14807302231237324,0.14807302231237324,0.1440162271805274,0.14807302231237324,0.1440162271805274,32.198782961460445,22.425963488843813,0.0,1.9432048681541583,0.0,1.281947261663286,4.9452332657200815,32.29817444219067,22.480730223123732,0.0,1.971602434077079,0.0,1.281947261663286,4.9452332657200815
netbox-community_netbox,0.8274783445620789,0.0,0.0,1.6963426371511068,0.11717998075072185,0.0,0.0,0.007699711260827719,0.913618864292589,0.0,1.7295476419634264,0.1075553416746872,0.12343599615014438,0.09648700673724735,0.12343599615014438,0.09648700673724735,24.532723772858517,21.147978825794034,0.0,1.0878248315688162,0.0,0.9059191530317613,4.917709335899904,26.05822906641001,22.58012512030799,0.0,1.1049085659287776,0.0,0.9213185755534168,5.0555822906641
flairNLP_flair,2.6823529411764704,0.0,0.0,9.731372549019607,1.007843137254902,0.0,0.0,0.515686274509804,3.9490196078431374,0.0,11.709803921568627,0.6588235294117647,0.6588235294117647,0.5470588235294118,0.6588235294117647,0.5470588235294118,70.87843137254902,53.99411764705882,0.0,5.676470588235294,0.0,3.433333333333333,26.17058823529412,70.87843137254902,53.99411764705882,0.0,5.698039215686275,0.0,3.437254901960784,26.176470588235293
horovod_horovod,3.796747967479675,0.0,0.0,15.146341463414634,0.46883468834688347,0.0,0.0,0.4959349593495935,6.333333333333333,0.0,11.794037940379404,0.15176151761517614,0.16802168021680217,0.14905149051490515,0.16802168021680217,0.14905149051490515,100.45528455284553,78.72357723577235,0.0,6.897018970189702,0.0,5.837398373983739,50.956639566395665,100.46612466124661,78.7289972899729,0.0,7.56639566395664,0.0,6.043360433604336,51.520325203252035
lllyasviel_Fooocus,2.3056768558951966,0.0,0.0,6.698689956331878,0.517467248908297,0.0,0.0,0.4432314410480349,3.0633187772925763,0.0,6.888646288209607,0.09170305676855896,0.09170305676855896,0.07641921397379912,0.09170305676855896,0.07641921397379912,53.430131004366814,43.377729257641924,0.0,3.11353711790393,0.0,2.6200873362445414,22.713973799126638,53.55021834061135,43.48908296943232,0.0,3.1353711790393013,0.0,2.62882096069869,22.777292576419214
PaddlePaddle_PaddleNLP,3.1620010368066356,0.0,0.0,10.590461378952826,0.5813893208916537,0.0,0.0,0.31052358735095903,4.26023846552618,0.0,20.43157076205288,0.18921721099015035,0.1902540176257128,0.18532918610679108,0.1902540176257128,0.18532918610679108,90.26775531363401,72.06272680145153,0.0,4.553395541731467,0.0,3.9497148781752203,31.98418869880767,90.36936236391912,72.14385692068429,0.0,4.6625194401244165,0.0,3.9577501296008295,32.03499222395023
ultralytics_ultralytics,3.327956989247312,0.0,0.0,13.693548387096774,0.41397849462365593,0.0,0.0,0.27956989247311825,4.983870967741935,0.0,34.02150537634409,0.14516129032258066,0.14516129032258066,0.12903225806451613,0.14516129032258066,0.12903225806451613,89.44623655913979,67.17204301075269,0.0,5.580645161290323,0.0,4.704301075268817,37.854838709677416,89.44623655913979,67.17204301075269,0.0,5.618279569892473,0.0,4.704301075268817,37.854838709677416
compas-dev_compas,7.108552631578948,0.0,0.0,17.81578947368421,0.20065789473684212,0.0,0.0,0.2598684210526316,9.401315789473685,0.0,90.03618421052632,0.09539473684210527,0.09539473684210527,0.08552631578947369,0.09539473684210527,0.08552631578947369,163.16447368421052,126.27631578947368,0.0,9.546052631578947,0.0,9.141447368421053,37.651315789473685,163.16447368421052,126.27631578947368,0.0,9.572368421052632,0.0,9.141447368421053,37.651315789473685
uds-se_debuggingbook,2.8212526389866293,0.0,0.0,7.41871921182266,0.5517241379310345,0.0,0.0,0.41027445460942996,4.209007741027445,0.0,11.261787473610134,0.378606615059817,0.38705137227304715,0.258972554539057,0.38705137227304715,0.258972554539057,47.02990851513019,35.62315270935961,0.0,7.387403237156931,0.0,3.7987332864180154,20.023223082336383,47.24032371569317,35.79556650246305,0.0,7.730471498944405,0.0,3.9275158339197747,20.26389866291344
microsoft_nni,2.6453168044077136,0.0,0.0,7.179063360881543,0.46487603305785125,0.0,0.0,0.20523415977961432,3.4738292011019283,0.0,11.606060606060606,0.1756198347107438,0.1797520661157025,0.1453168044077135,0.1797520661157025,0.1453168044077135,46.60192837465565,35.18112947658402,0.0,4.396694214876033,0.0,3.268595041322314,19.163911845730027,46.61845730027548,35.19765840220386,0.0,4.616391184573002,0.0,3.4173553719008263,19.62465564738292
PrefectHQ_prefect,2.5021707670043414,0.0,0.0,3.871683550410034,0.2793053545586107,0.0,0.0,0.19778099372889532,3.305354558610709,0.0,4.942595272551857,0.15098890496864448,0.1538832609744332,0.13651712493970092,0.1538832609744332,0.13651712493970092,51.49011095031356,42.35166425470333,0.0,2.9667149059334297,0.0,3.1075735648818137,13.428847081524362,52.31934394597202,43.04968644476604,0.0,3.5533043897732752,0.0,3.2329956584659914,13.736131210805596
nateemma_strategies,2.6808510638297873,0.0,0.0,61.379110251450676,1.3423597678916828,0.0,0.0,0.620889748549323,4.762088974854932,0.0,34.601547388781434,0.6808510638297872,0.6808510638297872,0.620889748549323,0.6808510638297872,0.620889748549323,162.68085106382978,105.88588007736944,0.0,21.108317214700193,0.0,4.141199226305609,61.79883945841393,162.92263056092844,106.09864603481624,0.0,21.181818181818183,0.0,4.158607350096712,61.83558994197292
jina-ai_jina,1.5452322738386308,0.0,0.0,3.6943765281173593,0.1491442542787286,0.0,0.0,0.0745721271393643,1.9315403422982884,0.0,5.910757946210269,0.07212713936430318,0.07823960880195599,0.07212713936430318,0.07823960880195599,0.07212713936430318,28.183374083129586,23.93031784841076,0.0,1.9229828850855746,0.0,1.8569682151589242,8.591687041564793,29.70171149144254,25.288508557457213,0.0,2.1039119804400976,0.0,1.919315403422983,9.134474327628363
mlc-ai_mlc-llm,2.6582278481012658,0.0,0.0,7.291139240506329,0.4936708860759494,0.0,0.0,0.2974683544303797,3.367088607594937,0.0,9.30379746835443,0.012658227848101266,0.012658227848101266,0.012658227848101266,0.012658227848101266,0.012658227848101266,71.94303797468355,61.765822784810126,0.0,2.8860759493670884,0.0,3.069620253164557,34.62658227848101,71.94303797468355,61.765822784810126,0.0,3.151898734177215,0.0,3.107594936708861,35.050632911392405
quantopian_zipline,2.6644920782851815,0.0,0.0,5.568499534016776,0.5806150978564771,0.0,0.0,0.2590866728797763,3.701770736253495,0.0,18.28797763280522,0.42684063373718545,0.47809878844361603,0.32152842497670087,0.47809878844361603,0.32152842497670087,78.53215284249767,59.9878844361603,0.0,5.264678471575023,0.0,3.4426840633737186,18.571295433364398,78.56477166821995,60.013979496738116,0.0,5.631873252562908,0.0,3.5209692451071763,18.679403541472507
pytorch_vision,2.486707566462168,0.0,0.0,6.570552147239264,0.3067484662576687,0.0,0.0,0.8394683026584867,4.012269938650307,0.0,10.075664621676891,0.22597137014314927,0.22597137014314927,0.14621676891615543,0.22597137014314927,0.14621676891615543,57.87014314928425,42.92944785276074,0.0,5.101226993865031,0.0,3.17280163599182,19.56646216768916,57.94683026584867,42.99386503067485,0.0,5.217791411042945,0.0,3.210633946830266,19.65644171779141
ranger_ranger,2.86046511627907,0.0,0.0,16.63953488372093,0.35271317829457366,0.0,0.0,0.3062015503875969,4.771317829457364,0.0,10.472868217054264,0.36046511627906974,0.36046511627906974,0.2868217054263566,0.36046511627906974,0.2868217054263566,70.67054263565892,55.36434108527132,0.0,5.341085271317829,0.0,4.465116279069767,35.34496124031008,70.68217054263566,55.37596899224806,0.0,5.5310077519379846,0.0,4.4728682170542635,35.36046511627907
powerline_powerline,2.707509881422925,0.0,0.0,7.569169960474309,0.4308300395256917,0.0,0.0,0.4031620553359684,3.9762845849802373,0.0,4.790513833992095,0.2490118577075099,0.2490118577075099,0.233201581027668,0.2490118577075099,0.233201581027668,48.27272727272727,41.91699604743083,0.0,4.181818181818182,0.0,3.5731225296442686,22.462450592885375,48.27272727272727,41.91699604743083,0.0,4.391304347826087,0.0,3.656126482213439,22.679841897233203
ddbourgin_numpy-ml,4.259036144578313,0.0,0.0,12.168674698795181,0.572289156626506,0.0,0.0,0.3072289156626506,5.9879518072289155,0.0,61.59036144578313,0.45180722891566266,0.45180722891566266,0.4457831325301205,0.45180722891566266,0.4457831325301205,134.43373493975903,116.93975903614458,0.0,9.25301204819277,0.0,5.680722891566265,39.325301204819276,134.43373493975903,116.93975903614458,0.0,9.259036144578314,0.0,5.680722891566265,39.325301204819276
python_mypy,4.7456258411843875,0.0,0.0,20.7092866756393,0.522207267833109,0.0,0.0,0.5545087483176312,8.24764468371467,0.0,17.150740242261104,0.8034993270524899,0.8169582772543742,0.36608344549125166,0.8169582772543742,0.36608344549125166,100.72543741588156,78.90713324360699,0.0,10.711978465679676,0.0,7.693135935397039,42.21803499327053,100.72543741588156,78.90713324360699,0.0,10.825033647375506,0.0,7.714670255720054,42.226110363391655
Delgan_loguru,2.3255813953488373,0.0,0.0,8.279069767441861,0.18604651162790697,0.0,0.0,0.27906976744186046,3.197674418604651,0.0,13.86046511627907,0.05813953488372093,0.05813953488372093,0.046511627906976744,0.05813953488372093,0.046511627906976744,50.74418604651163,44.01162790697674,0.0,2.86046511627907,0.0,2.9186046511627906,18.151162790697676,51.2906976744186,44.45348837209303,0.0,3.0930232558139537,0.0,3.0348837209302326,18.872093023255815
joke2k_faker,3.717171717171717,0.0,0.0,7.196969696969697,0.17424242424242425,0.0,0.0,0.05303030303030303,4.184343434343434,0.0,3.2146464646464645,0.16666666666666666,0.16666666666666666,0.14898989898989898,0.16666666666666666,0.14898989898989898,37.957070707070706,29.747474747474747,0.0,4.755050505050505,0.0,4.1313131313131315,19.1010101010101,37.964646464646464,29.755050505050505,0.0,4.792929292929293,0.0,4.146464646464646,19.123737373737374
aio-libs_aiohttp,4.237785016286645,0.0,0.0,11.19869706840391,0.4788273615635179,0.0,0.0,0.19543973941368079,5.684039087947883,0.0,5.980456026058632,0.3973941368078176,0.3973941368078176,0.23127035830618892,0.3973941368078176,0.23127035830618892,67.88599348534201,55.074918566775246,0.0,7.078175895765472,0.0,5.488599348534202,29.15960912052117,67.88599348534201,55.074918566775246,0.0,7.315960912052117,0.0,5.50814332247557,29.179153094462542
mlflow_mlflow,3.294289897510981,0.0,0.0,8.373352855051245,0.11859443631039532,0.0,0.0,0.28989751098096633,4.7247437774524155,0.0,18.478770131771597,0.06734992679355783,0.07027818448023426,0.055636896046852125,0.07027818448023426,0.055636896046852125,66.96339677891655,56.20937042459737,0.0,4.890190336749634,0.0,4.43484626647145,20.024890190336748,67.32064421669106,56.54612005856515,0.0,5.036603221083455,0.0,4.452415812591508,20.060029282576867
HumanSignal_label-studio,0.991044776119403,0.0,0.0,3.0104477611940297,0.1417910447761194,0.0,0.0,0.049253731343283584,1.344776119402985,0.0,1.3970149253731343,0.07611940298507462,0.08059701492537313,0.07014925373134329,0.08059701492537313,0.07014925373134329,28.546268656716418,24.834328358208957,0.0,1.5686567164179104,0.0,1.2955223880597015,6.7701492537313435,29.232835820895524,25.507462686567163,0.0,1.5820895522388059,0.0,1.2985074626865671,6.786567164179105
plotly_plotly.py,2.9670071409201846,0.0,0.0,5.311488746271355,0.008948748079182861,0.0,0.0,0.018439844526801048,3.023049805658501,0.0,31.094368616107747,0.009671879237096628,0.009671879237096628,0.006237006237006237,0.009671879237096628,0.006237006237006237,70.10458284371327,63.67721232938624,0.0,3.0644490644490645,0.0,3.0046099611317003,8.60327216848956,70.10458284371327,63.67721232938624,0.0,3.067974328843894,0.0,3.005242700894875,8.603904908252733
RasaHQ_rasa,3.4774774774774775,0.0,0.0,11.902702702702703,0.3783783783783784,0.0,0.0,0.24864864864864866,5.724324324324324,0.0,24.43063063063063,0.2648648648648649,0.29009009009009007,0.24504504504504504,0.29009009009009007,0.24504504504504504,103.01441441441442,83.35135135135135,0.0,7.854054054054054,0.0,5.475675675675675,25.544144144144145,103.10630630630631,83.41801801801802,0.0,7.949549549549549,0.0,5.475675675675675,25.544144144144145
jantic_DeOldify,3.2,0.0,0.0,8.135714285714286,0.5785714285714286,0.0,0.0,0.4357142857142857,4.496428571428571,0.0,3.5214285714285714,0.2857142857142857,0.2857142857142857,0.24642857142857144,0.2857142857142857,0.24642857142857144,30.74642857142857,25.90357142857143,0.0,6.460714285714285,0.0,4.060714285714286,17.792857142857144,30.771428571428572,25.925,0.0,6.507142857142857,0.0,4.082142857142857,17.817857142857143
frappe_erpnext,2.714429868819374,0.0,0.0,16.60141271442987,0.017154389505549948,0.0,0.0,0.6135216952573158,5.746720484359233,0.0,5.040363269424823,0.009081735620585268,0.009081735620585268,0.009081735620585268,0.009081735620585268,0.009081735620585268,114.65388496468213,93.6619576185671,0.0,5.083753784056508,0.0,5.133198789101917,46.40262361251261,114.65388496468213,93.6619576185671,0.0,5.1594349142280524,0.0,5.133198789101917,46.40262361251261
spotify_luigi,2.372093023255814,0.0,0.0,4.730506155950752,0.8310533515731874,0.0,0.0,0.17510259917920656,3.3406292749658,0.0,5.264021887824898,0.22229822161422708,0.23187414500683995,0.19288645690834474,0.23187414500683995,0.19288645690834474,34.44870041039672,26.6265389876881,0.0,4.575239398084816,0.0,3.1655266757865936,12.770177838577291,34.48632010943913,26.660054719562243,0.0,4.948700410396717,0.0,3.4500683994528045,13.216142270861834
Ciphey_Ciphey,4.25,0.0,0.0,8.854166666666666,0.19791666666666666,0.0,0.0,0.052083333333333336,4.833333333333333,0.0,8.895833333333334,0.0625,0.08333333333333333,0.08333333333333333,0.08333333333333333,0.08333333333333333,52.208333333333336,40.427083333333336,0.0,5.104166666666667,0.0,4.78125,19.479166666666668,52.208333333333336,40.427083333333336,0.0,5.177083333333333,0.0,4.84375,19.614583333333332
recommenders-team_recommenders,3.484536082474227,0.0,0.0,13.948453608247423,0.26804123711340205,0.0,0.0,0.17525773195876287,5.865979381443299,0.0,47.845360824742265,0.030927835051546393,0.030927835051546393,0.030927835051546393,0.030927835051546393,0.030927835051546393,179.6701030927835,149.27835051546393,0.0,5.783505154639175,0.0,5.690721649484536,58.68041237113402,179.6701030927835,149.27835051546393,0.0,5.845360824742268,0.0,5.690721649484536,58.68041237113402
aws_aws-cli,3.2917038358608384,0.0,0.0,7.090990187332738,0.38893844781445136,0.0,0.0,0.21320249776984834,5.305084745762712,0.0,5.732381801962534,0.2854594112399643,0.2854594112399643,0.2488849241748439,0.2854594112399643,0.2488849241748439,66.15432649420161,54.974130240856375,0.0,6.1177520071364855,0.0,5.091882247992864,25.531668153434435,66.15432649420161,54.974130240856375,0.0,6.137377341659233,0.0,5.0945584299732385,25.536128456735057
kivy_kivy,2.9132762312633833,0.0,0.0,10.704496788008566,0.4539614561027837,0.0,0.0,0.14025695931477516,4.094218415417559,0.0,10.360813704496788,0.13704496788008566,0.13704496788008566,0.11991434689507495,0.13704496788008566,0.11991434689507495,67.19057815845824,53.154175588865094,0.0,4.831905781584583,0.0,3.9539614561027836,28.981798715203425,67.1948608137045,53.15631691648822,0.0,4.95289079229122,0.0,3.967880085653105,29.009635974304068
ipython_ipython,2.8052930056710776,0.0,0.0,9.487712665406427,0.39697542533081287,0.0,0.0,0.40264650283553877,4.175803402646503,0.0,21.98109640831758,0.23251417769376181,0.2438563327032136,0.2003780718336484,0.2438563327032136,0.2003780718336484,70.16446124763705,54.30434782608695,0.0,4.909262759924386,0.0,3.773156899810964,25.139886578449904,70.17958412098298,54.31758034026465,0.0,5.141776937618148,0.0,3.8071833648393194,25.21361058601134
zhayujie_chatgpt-on-wechat,3.7448979591836733,0.0,0.0,16.29591836734694,0.23469387755102042,0.0,0.0,0.673469387755102,5.428571428571429,0.0,10.193877551020408,0.11224489795918367,0.11224489795918367,0.07142857142857142,0.11224489795918367,0.07142857142857142,73.16326530612245,65.14285714285714,0.0,5.714285714285714,0.0,4.755102040816326,43.93877551020408,73.16326530612245,65.14285714285714,0.0,5.8061224489795915,0.0,4.755102040816326,43.93877551020408
RaRe-Technologies_gensim,4.881533101045296,0.0,0.0,14.787456445993032,0.3519163763066202,0.0,0.0,0.43205574912891986,7.2020905923344944,0.0,57.26132404181185,0.27526132404181186,0.28222996515679444,0.21602787456445993,0.28222996515679444,0.21602787456445993,139.19163763066203,111.53310104529616,0.0,8.616724738675957,0.0,6.770034843205575,50.20209059233449,139.8432055749129,112.06620209059234,0.0,8.794425087108014,0.0,6.843205574912892,50.47386759581882
sanic-org_sanic,2.7411764705882353,0.0,0.0,9.450980392156863,0.23921568627450981,0.0,0.0,0.09803921568627451,3.6901960784313728,0.0,19.862745098039216,0.25882352941176473,0.25882352941176473,0.17647058823529413,0.25882352941176473,0.17647058823529413,67.08627450980393,55.98039215686274,0.0,4.137254901960785,0.0,3.592156862745098,19.011764705882353,67.08627450980393,55.98039215686274,0.0,4.196078431372549,0.0,3.596078431372549,19.04313725490196
kovidgoyal_calibre,3.9589914945321993,0.0,0.0,17.457472660996356,0.5935601458080194,0.0,0.0,0.6448967193195626,6.2001822600243015,0.0,6.691980558930741,0.3101458080194411,0.32837181044957475,0.23055893074119077,0.32837181044957475,0.23055893074119077,82.3359659781288,70.07381530984205,0.0,6.622721749696233,0.0,5.555285540704738,48.21901579586877,82.54283110571082,70.23845686512759,0.0,6.930741190765492,0.0,5.585965978128797,48.341433778857834
microsoft_unilm,3.399598083165868,0.0,0.0,10.827794094914207,0.4515381048075437,0.0,0.0,0.4257226773844489,4.769206987169578,0.0,12.132632555263564,0.16803215334673055,0.1765342402226001,0.1633946514144381,0.1765342402226001,0.1633946514144381,83.37285515535632,68.07791003246251,0.0,5.168805070335446,0.0,4.343484309785129,31.80986242077601,83.46529602720668,68.14762714484465,0.0,5.361415983923327,0.0,4.370536404390169,31.90786829494512
tiangolo_fastapi,0.2651851851851852,0.0,0.0,0.5407407407407407,0.13777777777777778,0.0,0.0,0.0044444444444444444,0.31703703703703706,0.0,0.2725925925925926,0.13037037037037036,0.13037037037037036,0.1259259259259259,0.13037037037037036,0.1259259259259259,9.207407407407407,8.555555555555555,0.0,0.3362962962962963,0.0,0.3125925925925926,1.0888888888888888,9.416296296296297,8.764444444444445,0.0,0.362962962962963,0.0,0.3125925925925926,1.0888888888888888
babysor_MockingBird,2.261904761904762,0.0,0.0,7.880952380952381,0.2976190476190476,0.0,0.0,0.27380952380952384,3.267857142857143,0.0,10.898809523809524,0.023809523809523808,0.023809523809523808,0.023809523809523808,0.023809523809523808,0.023809523809523808,60.11309523809524,47.42857142857143,0.0,3.0595238095238093,0.0,2.994047619047619,28.714285714285715,60.11309523809524,47.42857142857143,0.0,3.0595238095238093,0.0,2.994047619047619,28.714285714285715
yt-dlp_yt-dlp,1.537911869789599,0.0,0.0,8.147677649861055,0.39976181024215957,0.0,0.0,0.519650655021834,2.6935291782453357,0.0,2.907502977371973,0.4390631202858277,0.4390631202858277,0.35132989281460897,0.4390631202858277,0.35132989281460897,78.1143310837634,69.63676061929337,0.0,4.159984120682811,0.0,2.173878523223501,20.684001587931718,78.13219531560144,69.65303691941247,0.0,4.364827312425565,0.0,2.185788011115522,20.705438666137358
PaddlePaddle_PaddleOCR,2.3545454545454545,0.0,0.0,9.206493506493507,0.4896103896103896,0.0,0.0,0.2844155844155844,3.5636363636363635,0.0,6.1220779220779225,0.09610389610389611,0.09610389610389611,0.08441558441558442,0.09610389610389611,0.08441558441558442,67.05844155844156,57.3012987012987,0.0,3.585714285714286,0.0,3.279220779220779,34.78051948051948,67.05844155844156,57.3012987012987,0.0,3.655844155844156,0.0,3.279220779220779,34.78051948051948
httpie_cli,2.305389221556886,0.0,0.0,5.107784431137724,0.3652694610778443,0.0,0.0,0.2215568862275449,3.1137724550898205,0.0,4.874251497005988,0.25748502994011974,0.2634730538922156,0.23952095808383234,0.2634730538922156,0.23952095808383234,37.203592814371255,29.87425149700599,0.0,3.55688622754491,0.0,2.8922155688622753,12.2874251497006,37.203592814371255,29.87425149700599,0.0,3.6167664670658684,0.0,2.9161676646706587,12.359281437125748
nvbn_thefuck,5.775,0.0,0.0,8.95,0.05,0.0,0.0,0.275,7.05,0.0,3.475,0.0,0.0,0.0,0.0,0.0,50.125,42.6,0.0,6.75,0.0,6.775,18.75,50.125,42.6,0.0,6.9,0.0,6.9,18.875
openai_gym,3.189655172413793,0.0,0.0,10.839080459770114,0.28735632183908044,0.0,0.0,0.14942528735632185,4.563218390804598,0.0,28.620689655172413,0.26436781609195403,0.26436781609195403,0.19540229885057472,0.26436781609195403,0.19540229885057472,94.55747126436782,65.11494252873563,0.0,5.252873563218391,0.0,4.413793103448276,30.75287356321839,94.55747126436782,65.11494252873563,0.0,5.310344827586207,0.0,4.419540229885057,30.7816091954023
certbot_certbot,4.058119658119658,0.0,0.0,9.837606837606838,0.28034188034188035,0.0,0.0,0.22905982905982905,6.461538461538462,0.0,15.688888888888888,0.27863247863247864,0.28376068376068375,0.21196581196581196,0.28376068376068375,0.21196581196581196,77.17606837606837,60.04786324786325,0.0,6.644444444444445,0.0,6.2324786324786325,31.6991452991453,77.35726495726496,60.16752136752137,0.0,6.747008547008547,0.0,6.25982905982906,31.75897435897436
huggingface_transformers,2.8149396237012074,0.0,0.0,8.475615463821024,0.6965271927361228,0.0,0.0,0.22006926893194795,3.617242347655153,0.0,14.556772442197884,0.15276607694467847,0.1531405036038566,0.14958345034166431,0.1531405036038566,0.14958345034166431,77.76326874473463,60.329776280071144,0.0,3.7736590845268183,0.0,3.3971730787232053,26.608349714499674,77.7807731910512,60.345595806421414,0.0,3.871852475896284,0.0,3.4009173453149866,26.622484320883647
mitmproxy_mitmproxy,2.619918699186992,0.0,0.0,7.1138211382113825,0.4105691056910569,0.0,0.0,0.2225609756097561,3.649390243902439,0.0,4.324186991869919,0.2693089430894309,0.2693089430894309,0.19410569105691056,0.2693089430894309,0.19410569105691056,44.16056910569106,37.00508130081301,0.0,4.1727642276422765,0.0,3.426829268292683,18.679878048780488,47.832317073170735,40.228658536585364,0.0,4.439024390243903,0.0,3.6453252032520327,19.836382113821138
commaai_openpilot,2.5942857142857143,0.0,0.0,10.709714285714286,0.208,0.0,0.0,0.2834285714285714,3.718857142857143,0.0,5.956571428571428,0.07085714285714285,0.07542857142857143,0.06857142857142857,0.07542857142857143,0.06857142857142857,57.882285714285715,44.656,0.0,3.5885714285714285,0.0,3.4354285714285715,32.02628571428571,57.882285714285715,44.656,0.0,3.645714285714286,0.0,3.4354285714285715,32.02628571428571
ytdl-org_youtube-dl,1.4354539839407041,0.0,0.0,8.311920938851143,0.34465719579987647,0.0,0.0,0.5052501544163064,2.544780728844966,0.0,3.153798641136504,0.3662754786905497,0.36936380481778874,0.2983323038912909,0.36936380481778874,0.2983323038912909,79.1550339715874,69.79493514515133,0.0,3.122915379864114,0.0,2.03953057442866,23.017912291537986,79.19888820259419,69.8307597282273,0.0,3.365657813465102,0.0,2.0531192093885116,23.06485484867202
Textualize_rich,2.5517241379310347,0.0,0.0,9.015325670498084,0.41379310344827586,0.0,0.0,0.21839080459770116,3.528735632183908,0.0,12.513409961685824,0.22988505747126436,0.22988505747126436,0.18773946360153257,0.22988505747126436,0.18773946360153257,57.076628352490424,48.475095785440615,0.0,3.9348659003831417,0.0,3.310344827586207,19.63984674329502,57.08429118773947,48.48275862068966,0.0,4.057471264367816,0.0,3.310344827586207,19.63984674329502
django_django,2.1160478798945017,0.0,0.0,4.090789206735646,0.3577804828565632,0.0,0.0,0.10793264353824306,2.727023737066342,0.0,4.370967741935484,0.20460539663217692,0.2234733211604788,0.16463785757760194,0.2234733211604788,0.16463785757760194,38.24670318523027,32.320856157435585,0.0,3.7792655711097587,0.0,2.619091093528099,12.724284844796104,38.58693446946642,32.65865287076486,0.0,3.8944004869141815,0.0,2.662000405761818,12.793061472915399
hankcs_HanLP,4.390123456790123,0.0,0.0,14.876543209876543,0.4049382716049383,0.0,0.0,0.24444444444444444,5.955555555555556,0.0,13.671604938271605,0.21975308641975308,0.23703703703703705,0.18518518518518517,0.23703703703703705,0.18518518518518517,78.5925925925926,67.21975308641976,0.0,6.972839506172839,0.0,5.711111111111111,38.046913580246915,78.5925925925926,67.21975308641976,0.0,7.093827160493827,0.0,5.711111111111111,38.046913580246915
ansible_ansible,2.46,0.0,0.0,11.521935483870967,0.38387096774193546,0.0,0.0,0.24903225806451612,3.944516129032258,0.0,9.249677419354839,0.2670967741935484,0.27483870967741936,0.2238709677419355,0.27483870967741936,0.2238709677419355,65.0883870967742,49.218709677419355,0.0,5.13741935483871,0.0,3.695483870967742,29.199354838709677,65.12193548387097,49.25096774193548,0.0,5.232903225806451,0.0,3.7025806451612904,29.205806451612904
psf_black,1.6045627376425855,0.0,0.0,5.44106463878327,0.1634980988593156,0.0,0.0,0.2623574144486692,2.346007604562738,0.0,7.61596958174905,0.057034220532319393,0.06844106463878327,0.060836501901140684,0.06844106463878327,0.060836501901140684,37.247148288973385,31.0532319391635,0.0,2.3802281368821294,0.0,2.0836501901140685,14.190114068441064,37.52471482889734,31.281368821292777,0.0,2.517110266159696,0.0,2.1140684410646386,14.197718631178708
AUTOMATIC1111_stable-diffusion-webui,2.676190476190476,0.0,0.0,10.622222222222222,0.4253968253968254,0.0,0.0,0.4222222222222222,3.9714285714285715,0.0,5.104761904761904,0.18095238095238095,0.18095238095238095,0.16825396825396827,0.18095238095238095,0.16825396825396827,59.86666666666667,47.06984126984127,0.0,4.647619047619048,0.0,3.549206349206349,33.4,59.86666666666667,47.06984126984127,0.0,4.806349206349206,0.0,3.552380952380952,33.403174603174605
hpcaitech_ColossalAI,3.167149059334298,0.0,0.0,10.542691751085384,0.329232995658466,0.0,0.0,0.3357452966714906,4.4848046309696095,0.0,15.290882778581766,0.15629522431259044,0.15629522431259044,0.138205499276411,0.15629522431259044,0.138205499276411,74.73444283646889,57.43125904486252,0.0,4.911722141823445,0.0,4.149059334298118,29.563675832127352,74.81259044862519,57.492040520984084,0.0,5.071635311143271,0.0,4.164978292329956,29.634587554269174
keras-team_keras,4.2109181141439205,0.0,0.0,8.14722911497105,0.21009098428453268,0.0,0.0,0.7369727047146402,5.521091811414392,0.0,16.455748552522746,0.05789909015715467,0.05955334987593052,0.055417700578990904,0.05955334987593052,0.055417700578990904,82.26302729528535,61.235732009925556,0.0,4.894127377998346,0.0,4.784119106699752,27.674937965260547,82.26302729528535,61.235732009925556,0.0,5.1894127377998345,0.0,4.955334987593052,28.010752688172044
localstack_localstack,3.595778364116095,0.0,0.0,7.7556728232189975,0.23957783641160948,0.0,0.0,0.22427440633245382,4.677044854881267,0.0,7.224802110817942,0.11134564643799472,0.11503957783641161,0.09920844327176781,0.11503957783641161,0.09920844327176781,75.69076517150395,61.64063324538259,0.0,4.745118733509234,0.0,4.452770448548812,26.718733509234827,78.24116094986807,63.494459102902375,0.0,5.680738786279683,0.0,5.089182058047493,27.757783641160948
pytorch_pytorch,3.5132712857635298,0.0,0.0,7.808428128231644,0.5917786970010341,0.0,0.0,0.5846259910375733,5.768097207859359,0.0,9.301706308169596,0.14408824543260945,0.14891416752843847,0.11030679076180627,0.14891416752843847,0.11030679076180627,74.60970355049983,58.721733884867284,0.0,5.268700448121337,0.0,5.183471216821785,30.324284729403654,75.61427094105481,59.553257497414684,0.0,6.964839710444674,0.0,5.903395380903137,32.3175629093416
scrapy_scrapy,2.4224507283633248,0.0,0.0,4.8243359040274205,0.6281062553556127,0.0,0.0,0.1953727506426735,3.546700942587832,0.0,2.9134532990574122,0.3658954584404456,0.39417309340188517,0.28449014567266495,0.39417309340188517,0.28449014567266495,40.32219365895458,33.95972579263068,0.0,5.0882604970008565,0.0,3.3513281919451585,15.572407883461867,40.969151670951156,34.550985432733505,0.0,5.344473007712082,0.0,3.4652956298200515,15.846615252784918
LAION-AI_Open-Assistant,1.4171597633136095,0.0,0.0,4.100591715976331,0.257396449704142,0.0,0.0,0.14497041420118342,1.8136094674556213,0.0,2.6804733727810652,0.1893491124260355,0.1893491124260355,0.17751479289940827,0.1893491124260355,0.17751479289940827,29.109467455621303,23.473372781065088,0.0,1.8727810650887573,0.0,1.668639053254438,10.257396449704142,29.476331360946745,23.76923076923077,0.0,1.9378698224852071,0.0,1.7159763313609468,10.488165680473372
pandas-dev_pandas,7.484662576687117,0.0,0.0,14.762151958470977,0.22557810287871638,0.0,0.0,0.32232184992921187,8.77678150070788,0.0,28.62199150542709,0.18829636621047663,0.19207173194903257,0.15526191599811232,0.19207173194903257,0.15526191599811232,154.818310523832,123.06370929683813,0.0,10.292590844738084,0.0,8.45445965077867,57.52571967909391,154.83105238319962,123.07409155261917,0.0,10.49174138744691,0.0,8.495516753185465,57.58140632373761
XX-net_XX-Net,2.309870550161812,0.0,0.0,10.647249190938512,0.551779935275081,0.0,0.0,0.5307443365695793,3.8762135922330097,0.0,15.454692556634305,0.47572815533980584,0.5121359223300971,0.3163430420711974,0.5121359223300971,0.3163430420711974,63.98139158576052,48.976537216828476,0.0,6.28074433656958,0.0,3.3454692556634305,25.972491909385113,64.1205501618123,49.09304207119741,0.0,6.325242718446602,0.0,3.3640776699029127,26.03074433656958
microsoft_DeepSpeed,3.5415549597855227,0.0,0.0,13.10455764075067,0.2734584450402145,0.0,0.0,0.47989276139410186,5.533512064343164,0.0,9.67828418230563,0.12198391420911528,0.12198391420911528,0.10723860589812333,0.12198391420911528,0.10723860589812333,79.08310991957104,61.41823056300268,0.0,5.485254691689008,0.0,5.053619302949062,35.29088471849866,79.3887399463807,61.66353887399464,0.0,5.7198391420911525,0.0,5.131367292225201,35.601876675603215
open-mmlab_mmdetection,2.8783783783783785,0.0,0.0,10.277027027027026,0.20077220077220076,0.0,0.0,0.18629343629343628,3.9150579150579152,0.0,37.28185328185328,0.08976833976833977,0.09073359073359073,0.08204633204633205,0.09073359073359073,0.08204633204633205,129.80019305019306,103.33687258687259,0.0,4.161196911196911,0.0,3.7287644787644787,43.439189189189186,129.80019305019306,103.33687258687259,0.0,4.214285714285714,0.0,3.738416988416988,43.45366795366795
geekcomputers_Python,3.089041095890411,0.0,0.0,10.273972602739725,0.4315068493150685,0.0,0.0,0.8767123287671232,5.212328767123288,0.0,8.582191780821917,0.08904109589041095,0.08904109589041095,0.08904109589041095,0.08904109589041095,0.08904109589041095,60.57534246575342,50.06849315068493,0.0,5.760273972602739,0.0,4.335616438356165,28.34931506849315,60.5958904109589,50.08904109589041,0.0,5.794520547945205,0.0,4.335616438356165,28.34931506849315
huggingface_pytorch-image-models,2.7147058823529413,0.0,0.0,8.230882352941176,0.6367647058823529,0.0,0.0,0.35441176470588237,3.5485294117647057,0.0,6.672058823529412,0.029411764705882353,0.029411764705882353,0.029411764705882353,0.029411764705882353,0.029411764705882353,56.21470588235294,46.51323529411765,0.0,3.2808823529411764,0.0,3.1941176470588237,24.648529411764706,56.21470588235294,46.51323529411765,0.0,3.2970588235294116,0.0,3.1941176470588237,24.648529411764706
encode_django-rest-framework,1.4059910771191841,0.0,0.0,2.661567877629063,0.5615041427660931,0.0,0.0,0.09369024856596558,1.7864882090503504,0.0,2.9235181644359463,0.1631612492033142,0.1631612492033142,0.1478648820905035,0.1631612492033142,0.1478648820905035,22.835564053537286,18.548119821542382,0.0,2.648820905035054,0.0,1.692797960484385,7.466539196940727,23.195666029318037,18.903123008285533,0.0,2.782664117272148,0.0,1.7903123008285533,7.609942638623327
facebookresearch_detectron2,2.7302405498281788,0.0,0.0,7.9106529209622,0.29896907216494845,0.0,0.0,0.3797250859106529,3.963917525773196,0.0,18.640893470790378,0.14432989690721648,0.14432989690721648,0.11683848797250859,0.14432989690721648,0.11683848797250859,72.33333333333333,58.78006872852234,0.0,3.943298969072165,0.0,3.584192439862543,27.47079037800687,72.42268041237114,58.845360824742265,0.0,4.146048109965636,0.0,3.6597938144329896,27.623711340206185
python-poetry_poetry,3.3333333333333335,0.0,0.0,14.755555555555556,0.17333333333333334,0.0,0.0,0.10222222222222223,4.5777777777777775,0.0,5.986666666666666,0.07555555555555556,0.07555555555555556,0.07555555555555556,0.07555555555555556,0.07555555555555556,78.54222222222222,61.16,0.0,4.475555555555555,0.0,4.475555555555555,33.53333333333333,78.54222222222222,61.16,0.0,4.502222222222223,0.0,4.475555555555555,33.53333333333333
lm-sys_FastChat,1.4683544303797469,0.0,0.0,3.1392405063291138,0.3924050632911392,0.0,0.0,0.10126582278481013,1.7468354430379747,0.0,1.3670886075949367,0.3860759493670886,0.3860759493670886,0.37341772151898733,0.3860759493670886,0.37341772151898733,20.544303797468356,16.936708860759495,0.0,3.1772151898734178,0.0,1.6455696202531647,7.158227848101266,20.544303797468356,16.936708860759495,0.0,3.1772151898734178,0.0,1.6455696202531647,7.158227848101266
geekan_MetaGPT,2.5037593984962405,0.0,0.0,6.421052631578948,0.12781954887218044,0.0,0.0,0.21052631578947367,3.7593984962406015,0.0,6.93984962406015,0.03759398496240601,0.03759398496240601,0.03759398496240601,0.03759398496240601,0.03759398496240601,38.255639097744364,30.533834586466167,0.0,3.601503759398496,0.0,3.5488721804511276,16.06015037593985,38.3609022556391,30.639097744360903,0.0,3.661654135338346,0.0,3.5488721804511276,16.06015037593985
ray-project_ray,3.123210860262653,0.0,0.0,8.204662830160839,0.2450936992769662,0.0,0.0,0.21853327431016675,4.188431459347794,0.0,18.170281835620482,0.09812601446067581,0.09856868821012248,0.08307510697948944,0.09856868821012248,0.08307510697948944,75.26840785008116,58.23078058137819,0.0,4.249077763021986,0.0,3.969898185037627,22.88903644680537,75.32226648959717,58.27490039840637,0.0,4.488416703556146,0.0,4.043972259111701,23.051497712852296
explosion_spaCy,2.496124031007752,0.0,0.0,14.155038759689923,0.07751937984496124,0.0,0.0,0.24031007751937986,4.441860465116279,0.0,22.472868217054263,0.007751937984496124,0.007751937984496124,0.007751937984496124,0.007751937984496124,0.007751937984496124,92.75968992248062,80.55038759689923,0.0,4.0310077519379846,0.0,4.2015503875969,36.04651162790697,93.03100775193798,80.82170542635659,0.0,4.209302325581396,0.0,4.2015503875969,36.04651162790697
sqlmapproject_sqlmap,2.7099811676082863,0.0,0.0,14.819209039548022,0.3898305084745763,0.0,0.0,0.3163841807909605,4.007532956685499,0.0,8.894538606403014,0.3408662900188324,0.3653483992467043,0.23728813559322035,0.3653483992467043,0.23728813559322035,62.623352165725045,47.09416195856874,0.0,7.702448210922787,0.0,3.6911487758945385,33.453860640301315,62.79661016949152,47.23540489642185,0.0,7.804143126177024,0.0,3.7156308851224105,33.527306967984934
streamlit_streamlit,4.47289156626506,0.0,0.0,7.555722891566265,0.3117469879518072,0.0,0.0,0.5075301204819277,6.052710843373494,0.0,19.825301204819276,0.19728915662650603,0.19728915662650603,0.11897590361445783,0.19728915662650603,0.11897590361445783,84.97138554216868,68.31626506024097,0.0,6.414156626506024,0.0,5.545180722891566,25.468373493975903,85.05873493975903,68.38403614457832,0.0,6.876506024096385,0.0,5.6129518072289155,25.54668674698795
