repository,LCOM5,WMC,CBO,NOI_x,RFC,CLOC_x,DIT,NOA,NOC,NOD,NOP,LOC_x,LLOC_x,NM,NLM,NOS_x,TLOC_x,TLLOC_x,TNM,TNLM,TNOS_x,McCC,NOI_y,CLOC_y,DLOC,TCLOC,LLOC_y,LOC_y,NOS_y,NUMPAR,TLLOC_y,TLOC_y,TNOS_y,HCPL,HDIF,HEFF,HNDB,HPL,HPV,HTRP,HVOL,MI
freqtrade_freqtrade,2.634005763688761,12.495677233429396,0.239193083573487,0.0605187319884726,4.144092219020173,22.22478386167147,0.2593659942363112,0.2593659942363112,0.1671469740634005,0.2593659942363112,0.1671469740634005,89.31412103746398,70.21613832853026,4.469740634005763,4.083573487031701,29.26801152737752,90.04322766570606,70.68876080691642,4.510086455331412,4.100864553314121,29.582132564841498,3.07735982966643,0.396735273243435,4.610361958836054,3.441447835344216,4.612491128459901,12.508871540099362,18.706884315117104,7.185237757274663,2.6777856635911994,12.5486160397445,18.74946770759404,7.209368346344926,22.68107818089796,1.0967199342322551,159.66208962768204,0.0152341520382625,11.160668010365676,7.202130722718112,8.870116090426864,45.70245611478752,33.668124066650975
oobabooga_text-generation-webui,3.683333333333333,11.916666666666666,0.2333333333333333,0.1166666666666666,4.666666666666667,4.25,0.1666666666666666,0.1666666666666666,0.15,0.1666666666666666,0.15,59.38333333333333,45.016666666666666,5.416666666666667,4.55,32.733333333333334,59.38333333333333,45.016666666666666,5.466666666666667,4.55,32.733333333333334,2.6481481481481484,0.2481481481481481,0.8703703703703703,0.1222222222222222,0.8703703703703703,9.422222222222222,11.670370370370373,7.211111111111111,2.1703703703703705,9.514814814814814,11.766666666666667,7.274074074074074,20.41228795470057,1.0028605163720965,243.21355228029424,0.0131260570855738,8.854166666666666,5.893229166666667,13.5118640155719,39.378171256721785,48.1166974636604
matplotlib_matplotlib,3.996613995485328,13.98081264108352,0.6805869074492099,0.6388261851015802,6.335214446952596,40.40744920993228,0.5428893905191874,0.572234762979684,0.345372460496614,0.572234762979684,0.345372460496614,104.38600451467268,83.2020316027088,14.445823927765238,5.696388261851016,35.50112866817156,106.36455981941307,84.68510158013544,14.651241534988714,5.808126410835214,36.10835214446953,2.4953666398066074,0.4744157937147462,6.044117647058823,4.977034649476229,6.085414987912974,9.122280419016922,15.7209911361805,6.225020145044319,2.4317082997582595,9.288678485092667,15.93392425463336,6.337228041901692,17.39361377705693,0.9775639467279712,186.802713075865,0.0122313625688896,8.864922118380063,5.597757009345794,10.377928504214507,36.69408770667005,23.350237685780986
OpenBB-finance_OpenBBTerminal,5.988593155893536,27.73384030418251,0.0646387832699619,0.1863117870722433,7.612167300380228,34.81749049429658,0.0114068441064638,0.0114068441064638,0.0114068441064638,0.0114068441064638,0.0114068441064638,269.106463878327,236.58555133079847,7.623574144486692,7.425855513307985,66.96958174904942,269.11406844106466,236.57794676806083,7.661596958174905,7.425855513307985,66.96958174904942,3.75398867730314,0.2424086464230571,3.233144621718991,2.863612969634586,3.23623262995368,28.95728255275348,33.28255275347401,9.038600102933607,2.029850746268657,28.58620689655172,33.31909418425116,9.06484817292846,13.70939548420326,0.8124108962861132,109.19008989032464,0.008826189803713,6.71932860356463,4.799965391936321,6.066116105017906,26.478569411139407,51.96627397533714
huggingface_diffusers,3.369406021155411,16.808787632221318,0.2400325467860048,0.3913751017087062,5.538649308380798,31.54597233523189,0.0390561432058584,0.0390561432058584,0.0317331163547599,0.0390561432058584,0.0317331163547599,152.0878763222132,117.5321399511798,5.2620016273393,5.147274206672091,51.53946297803092,152.0919446704638,117.5345809601302,5.4556550040683485,5.157038242473556,51.57119609438568,3.38655737704918,0.4675409836065574,5.038688524590164,3.376229508196721,5.059672131147541,19.26688524590164,27.18262295081967,10.14,3.43344262295082,19.644918032786887,27.624590163934425,10.39032786885246,44.1870478776741,1.7806158309942948,651.2445028386143,0.0303016302654935,18.09657212458674,10.944840786497302,36.18025015770097,90.9048907964823,38.56549163224717
pypa_pipenv,2.9716183574879227,11.831521739130435,0.5996376811594203,0.3484299516908212,4.4227053140096615,14.909420289855072,0.607487922705314,0.6153381642512077,0.4190821256038647,0.6153381642512077,0.4190821256038647,64.68840579710145,50.31400966183575,9.105676328502415,4.074275362318841,25.040458937198068,64.8677536231884,50.45289855072464,9.21135265700483,4.0893719806763285,25.10326086956522,2.969986357435198,0.3988176443838108,2.670911020160679,1.6292254054873427,2.6945581324844627,9.978323480369864,13.156131574958314,6.175079581628013,2.27012278308322,10.159314840078824,13.36425648021828,6.2902834621797785,13.637666156071784,0.8813756897652917,105.29842395713928,0.0087133135814367,6.769014428955735,4.839447297627782,5.849912442063227,26.139940744310497,35.79434097524343
numpy_numpy,3.725853094274147,7.543088490456911,0.4488143435511856,0.5054945054945055,4.937536148062464,11.104106419895894,0.3383458646616541,0.3753614806246385,0.2712550607287449,0.3753614806246385,0.2712550607287449,62.31578947368421,48.249277038750726,7.200115673799885,4.432041642567959,29.521110468478888,62.33256217466744,48.26431463273568,7.436668594563331,4.534412955465587,29.703875072296125,1.755080069977123,0.314224195935944,1.924909164311668,0.9130668819808908,1.964876867178038,9.398062171982236,12.000403714170368,6.77459292154488,1.5201184228233078,9.654016955995155,12.286233346790471,6.910240882788319,14.846567848199015,0.9479620926596326,170.62529759629223,0.0109471384837059,8.218386419988557,4.958325386229258,9.479183199793797,32.84141545111986,19.982683584900347
nicolargo_glances,4.416666666666667,23.541666666666668,0.225,0.2333333333333333,7.783333333333333,35.88333333333333,0.0583333333333333,0.0583333333333333,0.0583333333333333,0.0583333333333333,0.0583333333333333,139.25,98.925,8.425,7.55,57.225,139.25,98.925,8.45,7.55,57.225,3.1284606866002216,0.4828349944629014,4.365448504983389,1.840531561461794,4.372093023255814,10.841638981173864,16.503875968992247,7.5869324473975635,1.9169435215946844,10.870431893687709,16.54042081949059,7.604651162790698,16.211548361114613,0.8809611577515816,146.23456895382031,0.0105456840228051,7.68321513002364,5.380614657210402,8.12414271965669,31.637052068415432,55.22314124048162
lllyasviel_ControlNet,2.6979166666666665,9.695833333333333,0.34375,0.29375,3.716666666666667,17.860416666666666,0.1604166666666666,0.1604166666666666,0.1375,0.1604166666666666,0.1375,74.24375,56.516666666666666,4.64375,3.4229166666666666,28.339583333333334,74.24375,56.516666666666666,4.714583333333334,3.4229166666666666,28.339583333333334,2.892479801118707,0.3064014916096955,2.705407085146053,2.0540708514605344,2.7203231821006835,13.982597886886264,17.705407085146053,8.279676817899317,3.632069608452455,14.208825357364825,17.969546302050965,8.454319453076446,27.773573937761128,1.3615439118250554,334.78603907545613,0.0191631794970547,12.532513181019333,7.864674868189807,18.599224393080867,57.48953849116365,53.49374386632016
Lightning-AI_lightning,2.624752475247525,5.842079207920792,0.2336633663366336,0.0772277227722772,3.2955445544554456,7.592574257425743,0.0524752475247524,0.0544554455445544,0.0504950495049505,0.0544554455445544,0.0504950495049505,34.201980198019804,26.612871287128712,3.3876237623762377,3.2183168316831683,12.662376237623764,34.20445544554455,26.615346534653465,3.4361386138613863,3.2212871287128717,12.66881188118812,1.84131689811203,0.2189109065376814,1.680449368076143,1.2430956467467624,1.691995631143704,6.525354969574036,8.670307380246529,3.9247932594788577,2.1046965205180217,6.6264627867061945,8.787954439070058,3.992978623810267,9.594995793219834,0.6451440665145041,50.85931520865204,0.0062514325440742,5.389523687251252,3.826678649377327,2.825517511591768,18.75429763222236,49.97346783274988
gradio-app_gradio,3.1555555555555554,8.686111111111112,0.2138888888888888,0.1555555555555555,4.105555555555555,11.40277777777778,0.1138888888888888,0.1138888888888888,0.1055555555555555,0.1138888888888888,0.1055555555555555,82.94166666666666,73.49444444444444,3.9444444444444446,3.95,26.88055555555556,82.94166666666666,73.49444444444444,4.444444444444445,3.975,26.93055555555556,2.4996003197442045,0.1630695443645084,2.569944044764189,2.15347721822542,2.6003197442046364,17.519584332533974,20.81294964028777,7.233413269384492,3.2222222222222223,18.42286171063149,21.76498800959233,7.749800159872103,16.206069199812013,0.8229819699658292,109.52458303312974,0.0099802716623582,7.420988407565589,5.337400854179378,6.084699057396096,29.94081498707473,38.18725172827379
mindsdb_mindsdb,2.6347087378640777,11.055825242718448,0.1723300970873786,0.137135922330097,4.390776699029126,11.949029126213592,0.116504854368932,0.116504854368932,0.1092233009708737,0.116504854368932,0.1092233009708737,80.4623786407767,64.71116504854369,4.481796116504855,4.253640776699029,31.743932038834952,80.55461165048544,64.7864077669903,4.560679611650485,4.262135922330097,31.765776699029125,2.6428778648099795,0.4644618508848274,2.4084711343196985,1.7539889759210907,2.430519292138091,12.724978241949522,16.79779518421816,7.463301421525965,1.943138961415724,12.901943719176096,17.009283434870902,7.588627792283145,10.608815434994982,0.6677312082463169,66.27876448234922,0.0066814312995948,5.550389680193496,4.0991668906208005,3.6821535823527336,20.04429389878408,54.93719069089055
python-telegram-bot_python-telegram-bot,3.5822784810126582,7.170886075949367,0.4291139240506329,0.0670886075949367,5.189873417721519,28.253164556962027,0.3518987341772152,0.3518987341772152,0.2810126582278481,0.3518987341772152,0.2810126582278481,108.99493670886076,84.44810126582279,5.546835443037975,5.122784810126582,29.383544303797468,109.6367088607595,84.8873417721519,6.334177215189873,5.270886075949367,29.63164556962025,1.5993788819875776,0.1900056465273856,3.509316770186336,2.9805194805194803,3.53613777526821,13.609824957651044,18.185206098249576,6.196781479390175,3.696499153020892,14.3184641445511,18.93167701863354,6.578204404291361,12.67336281605299,0.6419033804513001,48.28258482248662,0.0082624841261415,7.00460704607046,4.715989159891599,2.682365823471521,24.787452378424305,36.51537431852406
google_jax,6.655097613882863,11.154013015184384,0.3731019522776572,1.5574837310195229,12.686550976138829,11.226681127982646,0.1550976138828633,0.1648590021691974,0.1388286334056399,0.1648590021691974,0.1388286334056399,112.97288503253796,90.14316702819956,8.686550976138829,11.129067245119304,48.92733188720174,113.0173535791757,90.175704989154,12.771149674620393,11.189804772234272,49.01626898047722,1.5698366661578385,0.3920012211876049,0.954052816363914,0.2608762021065486,1.1163181193710885,9.90551060906732,11.840329720653337,5.741260876202107,2.009769500839566,12.010227446191422,14.058311708136165,6.895741108227751,14.192872912852463,0.8626409109363541,118.94240102526037,0.0092064530343731,7.05039534277522,4.912937700929708,6.607911168069783,27.619359103122324,19.67400331257899
gunthercox_ChatterBot,1.0942028985507246,1.5960144927536233,0.0688405797101449,0.0217391304347826,1.201086956521739,2.527173913043478,0.0471014492753623,0.0471014492753623,0.0471014492753623,0.0471014492753623,0.0471014492753623,18.67572463768116,14.632246376811594,1.306159420289855,1.1793478260869563,5.635869565217392,18.76086956521739,14.681159420289855,1.318840579710145,1.1865942028985508,5.648550724637682,1.3595679012345678,0.1003086419753086,1.5524691358024691,1.3842592592592593,1.5540123456790125,7.640432098765432,10.785493827160494,4.78858024691358,1.2314814814814814,7.665123456790123,10.811728395061728,4.804012345679013,3.077189361927137,0.2068679129901118,29.01262082720003,0.0021347622395351,1.7190476190476192,1.192063492063492,1.611812268177781,6.404286718605452,78.0077866532527
merenlab_anvio,4.083950617283951,31.044444444444444,0.9037037037037036,0.7481481481481481,6.222222222222222,38.14074074074074,0.5160493827160494,0.5728395061728395,0.4074074074074074,0.5728395061728395,0.4074074074074074,200.841975308642,147.95802469135802,8.51358024691358,5.474074074074074,92.23950617283953,200.8740740740741,147.99012345679012,8.580246913580247,5.476543209876543,92.24938271604938,5.738475581926061,0.419443176631675,6.4272021907804655,3.59926973984482,6.43222272934733,23.051574623459608,34.112733911455955,16.962117754450023,2.422638064810589,23.17571884984025,34.244180739388405,17.050205385668644,34.72366586847623,1.5512088819630236,333.0257361583834,0.0225701822890308,15.001732351667387,9.92334343871806,18.50142978657677,67.71054686709222,20.47197967170337
pyecharts_pyecharts,1.365979381443299,3.077319587628866,0.2525773195876288,0.1391752577319587,1.6597938144329898,1.3350515463917525,0.1855670103092783,0.1855670103092783,0.1804123711340206,0.1855670103092783,0.1804123711340206,38.05670103092783,35.28865979381443,1.8969072164948453,1.5206185567010309,6.087628865979381,38.05670103092783,35.28865979381443,1.902061855670103,1.5206185567010309,6.087628865979381,2.03061224489796,0.1972789115646258,0.1428571428571428,0.0442176870748299,0.1428571428571428,22.047619047619047,22.64625850340136,4.003401360544218,7.795918367346939,22.078231292517007,22.67687074829932,4.017006802721088,3.0338173872695378,0.2466433531813918,17.73367900977405,0.0020661325994456,1.8604651162790693,1.346723044397463,0.98520438943189,6.198397798336958,74.83175885583609
ludwig-ai_ludwig,2.404494382022472,5.129213483146067,0.599250936329588,0.2247191011235955,2.960674157303371,6.557116104868914,0.5580524344569289,0.5720973782771536,0.5,0.5720973782771536,0.5,48.66385767790262,39.60299625468165,4.057116104868914,2.735955056179775,11.404494382022472,48.68352059925093,39.61329588014981,4.110486891385768,2.752808988764045,11.48314606741573,1.9001040582726327,0.2147069025320846,1.960110995490808,1.2424557752341312,1.989247311827957,8.917100242802636,11.542143600416232,4.157821713492889,2.7048213666319807,9.061394380853278,11.72147069025321,4.252514741588623,10.112688842111863,0.6361850624623777,61.0593929405629,0.0062706834122427,5.172842576473514,3.7988062670977367,3.392188496697944,18.81205023672812,50.49977009456013
aleju_imgaug,6.589189189189189,13.074594594594595,0.5891891891891892,0.8443243243243244,9.062702702702705,36.8,0.5318918918918919,0.5318918918918919,0.3643243243243243,0.5318918918918919,0.3643243243243243,137.7816216216216,95.0637837837838,21.41081081081081,8.218378378378379,51.81837837837838,137.7881081081081,95.07027027027029,21.72648648648649,8.284324324324324,51.92648648648649,1.640754307420974,0.3177316510649844,2.0111246777913445,1.2576312576312576,2.022249355582689,10.311490978157645,13.35273368606702,6.415683082349749,1.6402116402116402,10.501424501424502,13.554063220729889,6.516347849681183,22.60937518981558,1.101829626882829,450.93292682269634,0.0186444520878637,12.125088715400992,6.818310858765082,25.051829267927577,55.93335626359267,4.788722969024531
twitter_the-algorithm-ml,0.9202898550724636,2.565217391304348,0.1376811594202898,0.1594202898550724,1.2753623188405796,4.594202898550725,0.0507246376811594,0.0507246376811594,0.0507246376811594,0.0507246376811594,0.0507246376811594,24.159420289855078,18.77536231884058,1.210144927536232,1.115942028985507,7.239130434782608,24.18840579710145,18.78985507246377,1.2391304347826086,1.115942028985507,7.239130434782608,2.36,0.3333333333333333,2.3866666666666667,1.58,2.4,11.053333333333333,14.64,6.6066666666666665,2.4066666666666667,11.226666666666668,14.826666666666666,6.66,10.718122672852154,0.8246504883321482,81.29912264593919,0.0071136610599609,5.950757575757576,4.238636363636363,4.516617924774401,21.3409831798828,62.254105550357934
unifyai_ivy,7.777158774373259,14.493036211699163,0.245125348189415,0.1643454038997214,9.696378830083566,151.69359331476323,0.3899721448467966,0.3899721448467966,0.2033426183844011,0.3899721448467966,0.2033426183844011,270.8050139275766,258.9442896935933,10.579387186629528,9.532033426183844,23.573816155988855,270.8050139275766,258.9442896935933,10.671309192200557,9.532033426183844,23.573816155988855,1.5352611389790498,0.2000590144585423,16.0177043375627,15.83977574505754,16.02744172322219,11.2165830628504,27.27353201534376,2.4520507524343462,3.9454116258483327,11.295957509589847,27.362348775449984,2.497196813219239,9.454581711089132,0.5929732263201865,93.67984710436774,0.0064439468387958,4.718265541059094,3.098541826554106,5.204435950242577,19.331840516387988,41.7879452993736
smicallef_spiderfoot,3.917985611510791,16.005755395683455,0.6302158273381295,0.1928057553956834,5.302158273381295,8.666187050359712,0.0,0.0,0.0,0.0,0.0,106.09640287769784,82.2589928057554,4.9784172661870505,5.109352517985611,50.992805755395686,106.09640287769784,82.2589928057554,5.110791366906475,5.110791366906475,50.99424460431655,3.215028901734104,0.2398843930635838,1.5557803468208091,0.9997109826589596,1.5632947976878613,12.820231213872832,16.936416184971097,10.132658959537572,1.4742774566473988,12.958959537572252,17.10751445086705,10.24306358381503,13.377459349568904,0.5139808924320595,111.25880571866092,0.0082545926566659,5.342219646479282,3.6090988119385687,6.181044762147811,24.76377796999785,68.96475528794011
saltstack_salt,4.087695133149679,10.787878787878787,0.4678604224058769,0.2520661157024793,5.435720844811754,17.652433425160698,0.2226813590449954,0.2887970615243342,0.226813590449954,0.2887970615243342,0.226813590449954,105.40449954086316,89.38842975206612,6.53030303030303,5.183654729109275,33.00826446280992,105.84297520661156,89.75528007346189,6.749770431588614,5.299816345270891,33.18549127640037,2.1234523271577044,0.2647085404428377,2.867871667419792,2.054676909173068,2.97849073655671,14.344780840488026,17.788883868052416,6.392860370537732,1.6040668775417986,14.684319927699956,18.232444645277905,6.52254857659286,11.088002010109632,0.6818476300560058,74.50550001996811,0.0071351349711111,5.804396337240619,4.199553697386309,4.139194445555447,21.40540491334013,43.327477781452735
karlproject_karl,2.1816160118606374,4.902149740548555,0.4121571534469977,0.0778354336545589,4.184581171237954,1.8858413639733136,0.1097108969607116,0.1104521868050407,0.1037805782060785,0.1104521868050407,0.1037805782060785,44.040770941438105,37.51223128243143,4.349147516679022,4.106745737583395,24.560415122312826,44.040770941438105,37.51223128243143,4.58932542624166,4.178650852483321,24.660489251297257,1.2446828533785057,0.5834744965179748,0.3786937699981178,0.1810653115000941,0.3805759457933371,8.566534914361002,9.383587427065688,6.153773762469415,1.5531714662149445,8.77639751552795,9.598155467720686,6.261434217955957,4.095839796163445,0.3111088183645777,24.06553257530228,0.0027331057198882,2.439265212399541,1.7804822043628017,1.3369740319612382,8.199317159664913,39.41624579955887
borgbackup_borg,3.044943820224719,11.0,0.5430711610486891,0.6254681647940075,4.876404494382022,9.071161048689138,0.2921348314606741,0.4007490636704119,0.3071161048689138,0.4007490636704119,0.3071161048689138,76.5505617977528,64.37078651685393,6.99625468164794,4.250936329588015,35.2247191011236,77.05243445692884,64.67415730337079,7.400749063670412,4.348314606741573,35.37078651685393,2.7891737891737893,0.4672364672364672,1.6666666666666667,0.4491927825261159,1.804368471035137,13.640075973409306,15.598290598290598,8.183285849952517,2.592592592592593,14.721747388414055,16.824311490978157,8.952516619183285,17.208267067410127,0.991879361355833,127.73060553182536,0.0113337723275287,8.845704266510813,5.9719462302746935,7.096144751768096,34.001316982586495,29.85127901510431
pytorch_audio,2.127450980392157,5.340336134453781,0.2605042016806723,0.3361344537815126,3.7282913165266103,14.214285714285714,0.0784313725490196,0.0896358543417367,0.088235294117647,0.0896358543417367,0.088235294117647,59.32212885154062,47.01820728291317,3.5252100840336134,3.392156862745098,20.393557422969188,59.35294117647059,47.03221288515406,3.5826330532212887,3.392156862745098,20.393557422969188,1.6014279714405713,0.5073498530029399,2.653926921461571,2.1923561528769424,2.6598068038639227,11.126837463250736,14.506929861402773,6.058378832423352,2.7093658126837465,11.215455690886182,14.60184796304074,6.115497690046199,13.06924298620115,0.8489805861666659,118.75805351744896,0.0090906951658375,6.978419654714475,4.551128818061089,6.597669639858255,27.272085497512265,50.36131576131418
facebookresearch_ParlAI,2.062176165803109,6.859671848013817,0.4162348877374784,0.3609671848013817,3.174870466321244,10.961139896373057,0.3687392055267703,0.3803972366148532,0.3026770293609672,0.3803972366148532,0.3026770293609672,54.18091537132988,44.93134715025906,5.026338514680484,2.813903281519862,19.93782383419689,54.19516407599309,44.93998272884284,5.065198618307426,2.817357512953368,19.944732297063904,2.468842268842269,0.4248640248640248,3.011344211344212,2.176223776223776,3.022222222222222,13.150893550893551,16.836208236208236,7.110800310800311,2.1804195804195805,13.262781662781665,16.95912975912976,7.177622377622377,14.37192535777118,0.8169296486083915,111.94226572626606,0.0090608887249587,6.8058813811333225,4.830497274078969,6.219014762570313,27.18266617487616,49.64122825631714
Mikubill_sd-webui-controlnet,2.6939571150097468,8.96393762183236,0.3372319688109161,0.4249512670565302,3.898635477582846,18.189083820662766,0.1033138401559454,0.1072124756335282,0.0994152046783625,0.1072124756335282,0.0994152046783625,72.93859649122807,56.91910331384016,3.853801169590643,3.473684210526316,28.167641325536064,72.98148148148148,56.960038986354775,3.971734892787525,3.478557504873294,28.183235867446395,2.6673433874709978,0.3471577726218097,3.5475638051044083,2.641241299303944,3.586136890951276,13.25522041763341,17.807134570765662,8.03683294663573,3.155742459396752,13.730278422273782,18.3677494199536,8.382830626450117,22.22791911877329,1.2125261134401006,231.5718123475149,0.0146183899198184,10.192078695314525,6.792907067046337,12.86510068597302,43.85516975945503,52.86351171377426
pyodide_pyodide,2.4239130434782608,4.130434782608695,0.3152173913043478,0.0760869565217391,2.9239130434782608,13.228260869565217,0.1847826086956521,0.1847826086956521,0.1630434782608695,0.1847826086956521,0.1630434782608695,35.5,27.90217391304348,4.3478260869565215,2.847826086956522,8.293478260869565,35.67391304347826,28.07608695652174,4.456521739130435,2.847826086956522,8.293478260869565,1.507936507936508,0.1547619047619047,3.742063492063492,3.361111111111111,3.746031746031746,5.313492063492063,9.325396825396826,2.8373015873015874,2.0793650793650795,5.587301587301587,9.59920634920635,3.0277777777777777,15.06817510397084,0.7977191249034302,76.53800196697323,0.0098337047284664,7.841625788367204,5.388927820602663,4.25211122038741,29.501114185399658,41.452716841710895
spotDL_spotify-downloader,1.396551724137931,7.206896551724138,0.3620689655172414,0.0344827586206896,1.827586206896552,21.017241379310345,0.0344827586206896,0.1034482758620689,0.1034482758620689,0.1034482758620689,0.1034482758620689,67.84482758620689,50.94827586206897,1.793103448275862,1.793103448275862,17.82758620689655,67.84482758620689,50.94827586206897,1.793103448275862,1.793103448275862,17.82758620689655,4.019230769230769,0.2403846153846154,9.817307692307692,7.576923076923077,9.817307692307692,18.365384615384617,32.31730769230769,9.942307692307692,2.519230769230769,18.365384615384617,32.31730769230769,9.942307692307692,22.99134014498234,1.0993360090049664,176.09958716306994,0.0143245420958837,10.143333333333333,7.076666666666667,9.783310397948336,42.97362628765151,62.31113391604696
Rapptz_discord.py,2.9788838612368025,7.46606334841629,0.4404223227752639,0.1372549019607843,3.5052790346908,24.184012066365007,0.3710407239819004,0.3800904977375565,0.3016591251885369,0.3800904977375565,0.3016591251885369,60.71794871794872,45.45399698340875,4.171945701357466,3.368024132730015,14.951734539969834,60.7209653092006,45.45701357466064,4.254901960784314,3.3936651583710407,14.971342383107087,2.255125284738041,0.1649202733485193,4.91617312072893,4.428701594533029,4.920728929384966,7.650113895216401,13.30250569476082,4.441913439635536,2.222779043280182,7.804100227790433,13.480637813211844,4.522095671981777,6.52359478334965,0.5557275645634617,43.44357441676203,0.0044533370470065,4.040641711229947,2.9258467023172905,2.4135319120423344,13.360011141019896,30.08683436790631
networkx_networkx,5.673575129533679,10.791018998272884,0.3022452504317789,0.2245250431778929,6.867012089810017,20.24870466321244,0.2659758203799655,0.2677029360967184,0.2020725388601036,0.2677029360967184,0.2020725388601036,104.74611398963732,85.62003454231433,8.373056994818652,6.642487046632124,46.22452504317789,104.93264248704664,85.73747841105354,8.57685664939551,6.689119170984456,46.30224525043178,1.6639147802929428,0.1861517976031957,2.3685752330226366,1.5912117177097205,2.387749667110519,11.180559254327564,14.01571238348868,7.063382157123835,1.2932090545938748,11.298535286284954,14.151264980026632,7.131025299600533,19.05719264179045,1.0136836224036894,179.37037228294318,0.0127946508207264,9.457034768510178,6.252567105026121,9.965020682385662,38.38395246217996,34.5151245419648
OpenBMB_ChatDev,2.9731543624161074,9.322147651006713,0.4093959731543624,0.0805369127516778,4.416107382550336,8.395973154362416,0.1812080536912751,0.1812080536912751,0.1812080536912751,0.1812080536912751,0.1812080536912751,47.1744966442953,41.12080536912752,5.174496644295302,4.3355704697986575,24.174496644295303,47.1744966442953,41.12080536912752,5.214765100671141,4.3355704697986575,24.174496644295303,2.1703125,0.3453125,1.3796875,1.015625,1.40625,8.0484375,9.6015625,5.5734375,1.84375,8.121875,9.7015625,5.628125,9.851778293177397,0.6265903402100075,85.23772786391433,0.0071561002331445,5.531409168081494,3.477079796264856,4.73542932577302,21.468300699433573,64.2944450649721
comfyanonymous_ComfyUI,2.343680709534368,6.891352549889136,0.5121951219512195,0.4456762749445676,3.1818181818181817,6.902439024390244,0.0886917960088691,0.0886917960088691,0.073170731707317,0.0886917960088691,0.073170731707317,54.92461197339246,44.42572062084257,3.1773835920177382,2.7361419068736144,23.78713968957872,55.04656319290466,44.53880266075388,3.250554323725056,2.745011086474501,23.851441241685144,2.579253112033195,0.329460580912863,1.6,0.6605809128630705,1.6107883817427386,14.87551867219917,17.536929460580915,8.653941908713692,3.615767634854772,15.195020746887966,17.912033195020747,8.902904564315353,40.41752207398661,1.6833124135957536,534.4203232834205,0.0295304213031955,18.00423728813559,10.29978813559322,29.690017960190044,88.59126390958667,32.48077293533374
apache_tvm,1.8192004845548155,4.935493640218049,0.4000605693519079,0.211992731677771,2.4043004239854637,9.581465778316172,0.3940036341611145,0.3949121744397335,0.3216232586311326,0.3949121744397335,0.3216232586311326,39.16989703210176,31.41217443973349,3.228346456692913,2.1923076923076925,13.825560266505148,39.2931556632344,31.49878861296184,3.3473652331920047,2.2286493034524533,13.969109630526953,2.3395061728395063,0.2945736434108527,2.9830605799598047,2.368073499856445,3.01923629055412,10.52354292276773,14.116279069767442,6.342807924203273,2.5983347688774043,10.982917025552684,14.625610106230262,6.599483204134367,26.304484048820303,0.9373821639250428,321.2091253041628,0.0204174196506709,12.221337579617837,6.798284364084652,17.844951405787032,61.25225895201626,39.1450009458756
reflex-dev_reflex,0.947261663286004,2.7849898580121706,0.2068965517241379,0.0649087221095334,1.3468559837728196,11.872210953346856,0.1480730223123732,0.1480730223123732,0.1440162271805274,0.1480730223123732,0.1440162271805274,32.198782961460445,22.425963488843813,1.9432048681541585,1.281947261663286,4.9452332657200815,32.29817444219067,22.48073022312373,1.971602434077079,1.281947261663286,4.9452332657200815,2.22168284789644,0.2281553398058252,6.252427184466019,5.496763754045308,6.2799352750809065,8.101941747572816,14.846278317152104,3.894822006472492,1.843042071197411,8.210355987055015,14.988673139158577,3.9449838187702255,8.303296364897323,0.6701458163780571,227.56254314383224,0.0057231029054032,5.074614065180103,3.583190394511149,12.642363507990703,17.16930871620974,50.99262723694772
flairNLP_flair,2.6823529411764704,9.731372549019609,1.007843137254902,0.515686274509804,3.9490196078431374,11.709803921568628,0.6588235294117647,0.6588235294117647,0.5470588235294118,0.6588235294117647,0.5470588235294118,70.87843137254902,53.99411764705882,5.676470588235294,3.433333333333333,26.17058823529412,70.87843137254902,53.99411764705882,5.698039215686275,3.437254901960784,26.176470588235293,2.84902411021814,0.3920780711825488,2.82089552238806,1.5723306544202067,2.8243398392652126,13.686567164179104,18.723306544202067,7.646957520091848,2.737083811710677,13.72617680826636,18.766934557979333,7.663605051664753,18.75014149486684,0.969543810223594,156.56215322604166,0.0126758009027658,9.339673913043478,6.053442028985507,8.69789740144676,38.02740270829777,31.66889852791377
horovod_horovod,3.796747967479675,15.146341463414634,0.4688346883468834,0.4959349593495935,6.333333333333333,11.794037940379404,0.1517615176151761,0.1680216802168021,0.1490514905149051,0.1680216802168021,0.1490514905149051,100.45528455284553,78.72357723577235,6.897018970189702,5.837398373983739,50.95663956639567,100.4661246612466,78.7289972899729,7.56639566395664,6.043360433604336,51.52032520325204,2.8184568835098336,0.6036308623298033,1.5930408472012103,0.7771053958648513,1.6787695410993444,12.578416540595056,15.800302571860817,9.019162884518408,2.0292486132123044,13.410489157841656,16.793242561775088,9.586989409984872,23.81887404732145,1.2199514181458946,214.5965993513369,0.0147550891096918,10.125109745390692,6.964442493415277,11.922033297296494,44.265267329075634,41.17832869342626
lllyasviel_Fooocus,2.305676855895197,6.698689956331878,0.517467248908297,0.4432314410480349,3.0633187772925763,6.888646288209607,0.0917030567685589,0.0917030567685589,0.0764192139737991,0.0917030567685589,0.0764192139737991,53.430131004366814,43.37772925764192,3.11353711790393,2.6200873362445414,22.71397379912664,53.55021834061135,43.48908296943232,3.1353711790393013,2.62882096069869,22.77729257641921,2.5695142378559463,0.3249581239530988,1.6499162479061975,0.7294807370184254,1.6549413735343383,15.090452261306533,17.798157453936348,8.681742043551088,3.661641541038526,15.127303182579563,17.84170854271357,8.712730318257956,40.835987290923406,1.7212867557102638,557.7598949425052,0.0299453440920778,18.282608695652176,10.454545454545457,30.986660830139176,89.83603227623345,33.29087196019651
PaddlePaddle_PaddleNLP,3.162001036806636,10.590461378952826,0.5813893208916537,0.310523587350959,4.26023846552618,20.43157076205288,0.1892172109901503,0.1902540176257128,0.185329186106791,0.1902540176257128,0.185329186106791,90.267755313634,72.06272680145153,4.553395541731467,3.94971487817522,31.98418869880767,90.36936236391912,72.14385692068429,4.6625194401244165,3.9577501296008295,32.03499222395023,2.751751077586207,0.2722252155172414,3.6945043103448274,2.895878232758621,3.7152478448275854,14.36267510775862,19.38752693965517,8.145878232758621,3.240032327586207,14.60748922413793,19.67194234913793,8.312163254310345,22.569257483780323,1.145820661504153,242.2511773494521,0.0151029620772795,10.27936614969656,6.604585300067431,13.45839874163663,45.3088862318431,46.40735257408951
ultralytics_ultralytics,3.327956989247312,13.693548387096774,0.4139784946236559,0.2795698924731182,4.983870967741935,34.02150537634409,0.1451612903225806,0.1451612903225806,0.1290322580645161,0.1451612903225806,0.1290322580645161,89.44623655913979,67.17204301075269,5.580645161290323,4.704301075268817,37.854838709677416,89.44623655913979,67.17204301075269,5.618279569892473,4.704301075268817,37.854838709677416,2.934331797235023,0.3640552995391705,5.278801843317972,3.1497695852534564,5.29147465437788,10.942396313364055,15.7926267281106,8.074884792626728,2.9700460829493087,10.988479262672811,15.847926267281109,8.111751152073733,25.22142591198364,1.280139290927604,255.2607029262996,0.0164969954576146,11.346938775510203,7.525046382189239,14.181150162572234,49.49098637284384,47.4483619860256
microsoft_nni,2.6453168044077136,7.179063360881543,0.4648760330578512,0.2052341597796143,3.4738292011019283,11.606060606060606,0.1756198347107438,0.1797520661157025,0.1453168044077135,0.1797520661157025,0.1453168044077135,46.60192837465565,35.18112947658402,4.396694214876033,3.268595041322314,19.163911845730027,46.61845730027548,35.19765840220386,4.616391184573002,3.4173553719008263,19.62465564738292,2.245100150764592,0.2569459401249192,2.090027999138488,1.4469093258668964,2.143441740254146,8.349989231100581,10.95886280422141,5.8216670256299805,2.3766961016584105,8.802929140641826,11.4766314882619,6.137195778591428,16.5092209436323,0.9875962323346248,125.4731367188657,0.0105517468276272,8.057308194885197,5.6036960985626285,6.970729817714704,31.655240482881617,47.2980591402569
PrefectHQ_prefect,2.5021707670043414,3.871683550410034,0.2793053545586107,0.1977809937288953,3.305354558610709,4.942595272551857,0.1509889049686444,0.1538832609744332,0.1365171249397009,0.1538832609744332,0.1365171249397009,51.49011095031356,42.35166425470333,2.9667149059334297,3.1075735648818137,13.428847081524362,52.31934394597202,43.04968644476604,3.5533043897732752,3.232995658465992,13.736131210805596,1.4629967189208894,0.1461903025884068,1.2834487787094422,0.7203791469194313,1.338497994896099,12.515858549033904,15.003463361283266,4.756653299307327,2.496172074371126,13.521144732045206,16.11921254101349,5.1409041195771055,8.564181314335164,0.5957015715304252,30.046964514193856,0.0054926626746194,5.31817609270689,3.946088928076584,1.6692758063441062,16.47798802385753,33.87491268838206
jina-ai_jina,1.5452322738386308,3.6943765281173593,0.1491442542787286,0.0745721271393643,1.9315403422982884,5.910757946210269,0.0721271393643031,0.0782396088019559,0.0721271393643031,0.0782396088019559,0.0721271393643031,28.183374083129586,23.93031784841076,1.9229828850855744,1.856968215158924,8.591687041564793,29.70171149144254,25.288508557457213,2.1039119804400976,1.919315403422983,9.134474327628364,2.1251758087201127,0.1568213783403657,2.549226441631505,2.279184247538678,2.628691983122363,9.79676511954993,12.886075949367088,4.5358649789029535,3.112517580872012,10.573839662447256,13.760196905766524,4.954992967651196,13.326982945563108,0.6346996172579876,85.52414768487114,0.0090937986464819,6.687732342007435,4.4646840148698885,4.751341538048405,27.28139593944572,48.18290827858564
mlc-ai_mlc-llm,2.6582278481012658,7.291139240506329,0.4936708860759494,0.2974683544303797,3.367088607594937,9.30379746835443,0.0126582278481012,0.0126582278481012,0.0126582278481012,0.0126582278481012,0.0126582278481012,71.94303797468355,61.765822784810126,2.8860759493670884,3.069620253164557,34.62658227848101,71.94303797468355,61.765822784810126,3.151898734177215,3.107594936708861,35.050632911392405,2.5657015590200447,0.1915367483296214,2.0311804008908685,1.2583518930957684,2.0556792873051224,17.870824053452115,20.625835189309576,11.78173719376392,3.175946547884187,19.011135857461024,21.87750556792873,12.334075723830734,98.68665511709573,1.666853917343432,803.8467050630394,0.0644124137903424,32.481944444444444,18.85833333333333,44.65815028127989,193.23724137102727,24.91547774861948
quantopian_zipline,2.664492078285181,5.568499534016776,0.5806150978564771,0.2590866728797763,3.701770736253495,18.28797763280522,0.4268406337371854,0.478098788443616,0.3215284249767008,0.478098788443616,0.3215284249767008,78.53215284249767,59.9878844361603,5.264678471575023,3.4426840633737186,18.5712954333644,78.56477166821995,60.01397949673812,5.631873252562908,3.5209692451071763,18.679403541472507,1.7656619385342789,0.2624113475177305,4.008274231678487,2.607269503546099,4.1054964539007095,14.528664302600474,20.18617021276596,5.6072695035461,2.2603427895981087,15.29403073286052,21.08067375886525,5.921985815602837,9.29719248649571,0.6868175969656478,73.04260728633791,0.0067299734997275,5.492068429237947,3.5810264385692068,4.057922627018775,20.189920499182826,44.06754042044196
pytorch_vision,2.486707566462168,6.570552147239264,0.3067484662576687,0.8394683026584867,4.012269938650307,10.075664621676893,0.2259713701431492,0.2259713701431492,0.1462167689161554,0.2259713701431492,0.1462167689161554,57.87014314928425,42.92944785276074,5.101226993865031,3.17280163599182,19.56646216768916,57.94683026584867,42.99386503067485,5.217791411042945,3.210633946830266,19.65644171779141,2.1235955056179776,0.5522141440846001,1.3000660938532715,0.592531394580304,1.3113020489094511,10.995042961004629,13.472901520158626,6.241242564441507,2.7951090548578983,11.17151354923992,13.667547918043622,6.342696629213483,16.866163734769433,0.975885020735786,133.48057947187172,0.0108468475689347,8.092424242424242,5.5590909090909095,7.41558774843732,32.54054270680332,38.70860327406152
ranger_ranger,2.86046511627907,16.63953488372093,0.3527131782945736,0.3062015503875969,4.771317829457364,10.472868217054264,0.3604651162790697,0.3604651162790697,0.2868217054263566,0.3604651162790697,0.2868217054263566,70.67054263565892,55.36434108527132,5.341085271317829,4.465116279069767,35.34496124031008,70.68217054263566,55.37596899224806,5.5310077519379846,4.472868217054264,35.36046511627907,3.885067873303168,0.453393665158371,1.395475113122172,0.6805429864253394,1.4226244343891403,10.589140271493212,12.729411764705882,8.070588235294117,1.889592760180996,10.877828054298645,13.048868778280545,8.256108597285069,18.37760739290352,1.13825560095404,183.3842863151744,0.0121721327750037,8.914959016393443,6.064549180327869,10.188015906398602,36.516398325011615,33.33316818717324
powerline_powerline,2.707509881422925,7.569169960474309,0.4308300395256917,0.4031620553359684,3.976284584980237,4.790513833992095,0.2490118577075099,0.2490118577075099,0.233201581027668,0.2490118577075099,0.233201581027668,48.27272727272727,41.91699604743083,4.181818181818182,3.573122529644269,22.46245059288537,48.27272727272727,41.91699604743083,4.391304347826087,3.656126482213439,22.679841897233203,2.1961009174311927,0.4059633027522936,1.125,0.6903669724770642,1.1295871559633028,10.400229357798166,11.85894495412844,6.430045871559633,2.14105504587156,10.702981651376149,12.190366972477063,6.580275229357798,11.93667954553807,0.7081125195988462,84.11883980496623,0.0075155941825373,5.844036697247707,4.197247706422019,4.673268878053683,22.54678254761224,42.27788368396787
ddbourgin_numpy-ml,4.259036144578313,12.16867469879518,0.572289156626506,0.3072289156626506,5.987951807228916,61.59036144578313,0.4518072289156626,0.4518072289156626,0.4457831325301205,0.4518072289156626,0.4457831325301205,134.43373493975903,116.93975903614458,9.25301204819277,5.680722891566265,39.32530120481928,134.43373493975903,116.93975903614458,9.259036144578314,5.680722891566265,39.32530120481928,2.1443736730360934,0.3152866242038216,10.644373673036094,9.926751592356688,10.64755838641189,10.48832271762208,22.51061571125265,6.916135881104034,2.529723991507431,10.503184713375797,22.528662420382165,6.929936305732484,22.99051476496896,1.3702028266287762,151.03500835552632,0.0146776626055572,10.926578560939795,7.475770925110132,8.390833797529254,44.03298781667191,39.82271872724301
python_mypy,4.745625841184388,20.7092866756393,0.522207267833109,0.5545087483176312,8.24764468371467,17.150740242261104,0.8034993270524899,0.8169582772543742,0.3660834454912516,0.8169582772543742,0.3660834454912516,100.72543741588156,78.90713324360699,10.711978465679676,7.693135935397039,42.21803499327053,100.72543741588156,78.90713324360699,10.825033647375506,7.714670255720054,42.226110363391655,2.724327195467422,0.6359773371104815,1.7202549575070822,0.6703257790368272,1.739199716713881,9.2268059490085,11.213881019830028,5.512570821529745,2.239553824362606,9.312854107648723,11.310021246458923,5.554886685552408,15.70052747942366,0.851260587707611,123.16873104395876,0.0096384644877314,7.055235350624399,5.0862952289465255,6.84270728021986,28.915393463194224,25.116836222428265
Delgan_loguru,2.3255813953488373,8.279069767441861,0.1860465116279069,0.2790697674418604,3.197674418604651,13.86046511627907,0.0581395348837209,0.0581395348837209,0.0465116279069767,0.0581395348837209,0.0465116279069767,50.74418604651163,44.01162790697674,2.86046511627907,2.9186046511627906,18.15116279069768,51.2906976744186,44.45348837209303,3.0930232558139537,3.0348837209302326,18.87209302325581,2.954356846473029,0.3526970954356846,4.813278008298755,4.493775933609959,4.813278008298755,9.705394190871369,15.634854771784232,6.365145228215767,2.240663900414938,10.066390041493776,16.070539419087137,6.622406639004149,9.128446979796442,0.6673855663214553,61.3672895530072,0.00583382568047,5.297574626865671,4.134328358208955,3.409293864055939,17.50147704141024,39.293769246933685
aio-libs_aiohttp,4.237785016286645,11.19869706840391,0.4788273615635179,0.1954397394136807,5.684039087947883,5.980456026058632,0.3973941368078176,0.3973941368078176,0.2312703583061889,0.3973941368078176,0.2312703583061889,67.88599348534201,55.074918566775246,7.078175895765472,5.488599348534202,29.15960912052117,67.88599348534201,55.074918566775246,7.315960912052117,5.50814332247557,29.179153094462546,2.124845488257108,0.245982694684796,0.899876390605686,0.3899876390605686,0.907292954264524,9.38627935723115,11.024721878862794,5.440667490729296,1.9449938195302845,9.53831891223733,11.18726823238566,5.5364647713226205,8.435656026851083,0.6280301262674809,38.1359793560078,0.0051936288107383,5.058948004836759,3.98186215235792,2.11866551977823,15.580886432214768,18.365271769426123
mlflow_mlflow,3.294289897510981,8.373352855051245,0.1185944363103953,0.2898975109809663,4.724743777452416,18.4787701317716,0.0673499267935578,0.0702781844802342,0.0556368960468521,0.0702781844802342,0.0556368960468521,66.96339677891655,56.20937042459737,4.890190336749634,4.43484626647145,20.024890190336748,67.32064421669106,56.54612005856515,5.036603221083455,4.452415812591508,20.060029282576867,1.944576674600476,0.3624617477048623,3.735464127847671,3.1866712002720163,3.7619857191431487,8.80890853451207,12.956137368242096,4.515810948656919,2.314518871132268,9.058143488609316,13.241754505270316,4.653859231553893,9.269834984604628,0.572315437517466,37.76921319144717,0.0058547166184431,5.208866995073891,3.775369458128079,2.0982896217470897,17.56414985532929,39.16159135422341
HumanSignal_label-studio,0.991044776119403,3.0104477611940297,0.1417910447761194,0.0492537313432835,1.344776119402985,1.3970149253731343,0.0761194029850746,0.0805970149253731,0.0701492537313432,0.0805970149253731,0.0701492537313432,28.546268656716418,24.83432835820896,1.5686567164179104,1.2955223880597015,6.770149253731344,29.232835820895524,25.507462686567163,1.582089552238806,1.2985074626865671,6.786567164179105,2.342624854819977,0.2799070847851335,0.9547038327526132,0.3879210220673635,0.9581881533101044,8.336817653890824,9.94541231126597,5.24274099883856,2.1939605110336817,8.376306620209059,9.988385598141695,5.2682926829268295,10.920424601948374,0.6339468628371436,57.22402330551876,0.0067101591555773,5.547040971168437,4.097875569044006,3.1791124058621527,20.13047746673225,43.53511566673047
RasaHQ_rasa,3.477477477477477,11.902702702702705,0.3783783783783784,0.2486486486486486,5.724324324324324,24.43063063063063,0.2648648648648649,0.29009009009009,0.245045045045045,0.29009009009009,0.245045045045045,103.01441441441442,83.35135135135135,7.854054054054054,5.475675675675675,25.544144144144145,103.10630630630632,83.41801801801802,7.949549549549549,5.475675675675675,25.544144144144145,2.212324179504354,0.4464166108506363,3.9367046215673134,2.965170797052913,3.9507702612190223,11.7906898861353,16.793369055592766,4.625586068318821,2.5448760884125923,12.022438044206297,17.058606831882116,4.747823174815808,8.141843224425001,0.6226375879545584,30.562234499416785,0.0050621404388631,4.884196185286103,3.798024523160763,1.6979019166342806,15.186421316588865,40.01453075212078
jantic_DeOldify,3.2,8.135714285714286,0.5785714285714286,0.4357142857142857,4.496428571428571,3.521428571428572,0.2857142857142857,0.2857142857142857,0.2464285714285714,0.2857142857142857,0.2464285714285714,30.74642857142857,25.90357142857143,6.460714285714285,4.060714285714286,17.792857142857144,30.77142857142857,25.925,6.507142857142857,4.082142857142857,17.817857142857143,2.015929203539823,0.3433628318584071,0.6238938053097345,0.4513274336283185,0.6238938053097345,5.499115044247787,6.179646017699115,4.38141592920354,3.078761061946903,5.531858407079646,6.212389380530974,4.411504424778761,10.96394760547549,0.8090639898237242,72.64230269813835,0.0070235913993819,5.848254931714719,4.213201820940819,4.035683483229916,21.070774198146065,28.10856063461259
frappe_erpnext,2.714429868819374,16.60141271442987,0.0171543895055499,0.6135216952573158,5.746720484359233,5.040363269424823,0.0090817356205852,0.0090817356205852,0.0090817356205852,0.0090817356205852,0.0090817356205852,114.65388496468212,93.6619576185671,5.083753784056508,5.133198789101917,46.40262361251261,114.65388496468212,93.6619576185671,5.1594349142280524,5.133198789101917,46.40262361251261,3.2825219473264164,0.8242218675179569,0.9694732641660015,0.3306065442936951,0.9742617717478051,17.702913008778932,21.19772545889864,9.094772545889864,1.3487629688747007,17.875698324022345,21.384676775738228,9.174980047885075,15.623133610999108,0.8775683452726092,90.9421169365831,0.00936735044018,7.275507874914403,5.367267747089706,5.052339829810104,28.10205132054075,33.07496411634708
spotify_luigi,2.372093023255814,4.730506155950752,0.8310533515731874,0.1751025991792065,3.3406292749658,5.264021887824898,0.222298221614227,0.2318741450068399,0.1928864569083447,0.2318741450068399,0.1928864569083447,34.44870041039672,26.6265389876881,4.575239398084816,3.1655266757865936,12.770177838577291,34.48632010943913,26.660054719562243,4.948700410396717,3.4500683994528045,13.216142270861834,1.53757225433526,0.3697198755002223,1.1078257003112495,0.8145842596709649,1.1340595820364607,6.469986660738106,8.197421076033793,4.087149844375278,1.5649177412183193,7.034459759893286,8.835927078701646,4.292574477545576,4.177015202092517,0.3333580787823353,20.70251919600684,0.002552677374817,2.392189679218968,1.905439330543933,1.1501399553337004,7.658032124451348,44.2525023675352
Ciphey_Ciphey,4.25,8.854166666666666,0.1979166666666666,0.0520833333333333,4.833333333333333,8.895833333333334,0.0625,0.0833333333333333,0.0833333333333333,0.0833333333333333,0.0833333333333333,52.208333333333336,40.427083333333336,5.104166666666667,4.78125,19.479166666666668,52.208333333333336,40.427083333333336,5.177083333333333,4.84375,19.61458333333333,1.8558951965065504,0.1222707423580786,1.537117903930131,0.7467248908296943,1.5414847161572052,7.098253275109171,8.914847161572052,4.067685589519651,1.3689956331877728,7.170305676855895,8.997816593886462,4.111353711790393,6.419824073734508,0.507664055669279,51.37674756997861,0.0041586791583245,3.478174603174604,2.632936507936508,2.8542637538877056,12.47603747497385,66.40354725936743
recommenders-team_recommenders,3.484536082474227,13.948453608247425,0.268041237113402,0.1752577319587628,5.865979381443299,47.845360824742265,0.0309278350515463,0.0309278350515463,0.0309278350515463,0.0309278350515463,0.0309278350515463,179.6701030927835,149.27835051546393,5.783505154639175,5.690721649484536,58.68041237113402,179.6701030927835,149.27835051546393,5.845360824742268,5.690721649484536,58.68041237113402,2.478021978021978,0.4377289377289377,7.606227106227106,6.195970695970696,7.617216117216117,19.6978021978022,29.37545787545788,10.375457875457876,2.838827838827839,19.76923076923077,29.465201465201464,10.424908424908423,17.626091268104226,0.946289038182336,123.71337683904724,0.0115531563824598,8.822310756972112,5.90996015936255,6.8729653799471,34.65946914737928,52.70828605414767
aws_aws-cli,3.2917038358608384,7.090990187332738,0.3889384478144513,0.2132024977698483,5.305084745762712,5.732381801962534,0.2854594112399643,0.2854594112399643,0.2488849241748439,0.2854594112399643,0.2488849241748439,66.15432649420161,54.974130240856375,6.1177520071364855,5.091882247992864,25.531668153434435,66.15432649420161,54.974130240856375,6.137377341659233,5.094558429973239,25.536128456735057,1.3972578660573036,0.4410265424503428,0.934434874318861,0.3505009667779926,0.9383019862893304,9.6596941465987,11.05097556688346,5.022499560555458,1.6030936895763754,9.680435928985762,11.07259623835472,5.031815784847952,4.324201102912916,0.3286233463999902,13.0279234198995,0.002688400949405,2.7498666666666667,2.161955555555556,0.7237735233277427,8.06520284821467,50.001150814799054
kivy_kivy,2.9132762312633838,10.704496788008566,0.4539614561027837,0.1402569593147751,4.094218415417559,10.360813704496788,0.1370449678800856,0.1370449678800856,0.1199143468950749,0.1370449678800856,0.1199143468950749,67.19057815845824,53.15417558886509,4.831905781584583,3.953961456102784,28.981798715203425,67.1948608137045,53.15631691648822,4.95289079229122,3.967880085653105,29.009635974304068,2.7641692009953,0.3209842410837711,1.962952723251313,1.046723804257672,1.983688139341996,9.7732927840752,12.426043682609896,7.327343102018247,2.034835499032347,10.00691180536356,12.689798175283384,7.491014653027371,16.951119838497146,0.9272740138864096,209.3128039915885,0.0117786192784191,8.131333005410722,5.249631087063453,11.628489110643766,35.33585783525738,42.77477411626292
ipython_ipython,2.8052930056710776,9.487712665406429,0.3969754253308128,0.4026465028355387,4.175803402646503,21.98109640831758,0.2325141776937618,0.2438563327032136,0.2003780718336484,0.2438563327032136,0.2003780718336484,70.16446124763705,54.30434782608695,4.909262759924386,3.773156899810964,25.139886578449904,70.17958412098298,54.31758034026465,5.141776937618148,3.80718336483932,25.21361058601134,2.654151242728715,0.3685880486515071,5.043363299841354,3.564780539397145,5.100475938656795,10.212057112638815,16.06663141195135,6.859333685880486,1.97567424643046,10.53358011634056,16.442622950819672,7.051824431517716,11.12442237472372,0.718446951164663,70.27389855465249,0.0069061998321517,5.666107382550336,4.186912751677852,3.904105475258487,20.71859949645499,41.578146624514495
zhayujie_chatgpt-on-wechat,3.744897959183673,16.29591836734694,0.2346938775510204,0.673469387755102,5.428571428571429,10.193877551020408,0.1122448979591836,0.1122448979591836,0.0714285714285714,0.1122448979591836,0.0714285714285714,73.16326530612245,65.14285714285714,5.714285714285714,4.755102040816326,43.93877551020408,73.16326530612245,65.14285714285714,5.806122448979592,4.755102040816326,43.93877551020408,3.4945295404814005,0.4113785557986871,2.015317286652079,1.2056892778993435,2.024070021881838,12.01969365426696,14.185995623632383,9.321663019693654,2.2472647702407,12.157549234135669,14.332603938730854,9.422319474835886,23.269062206867822,1.0383727181893323,153.92858249879822,0.013925502786411,9.709570957095709,6.904290429042904,8.551587916599916,41.77650835923339,51.92957693298349
RaRe-Technologies_gensim,4.881533101045296,14.787456445993032,0.3519163763066202,0.4320557491289198,7.2020905923344944,57.26132404181185,0.2752613240418118,0.2822299651567944,0.2160278745644599,0.2822299651567944,0.2160278745644599,139.19163763066203,111.53310104529616,8.616724738675957,6.770034843205575,50.20209059233449,139.8432055749129,112.06620209059234,8.794425087108014,6.843205574912892,50.47386759581882,2.218504966021955,0.3915316257187663,7.542080501829587,6.270256142185049,7.566649242028228,10.168322007318348,18.582854155776268,7.478306325143754,2.0041819132253007,10.251437532671195,18.69053842132776,7.535807631991636,13.960275980901669,0.8726811534347566,118.85824433778927,0.0091394565302603,6.9439918533604885,4.779022403258656,6.603235796543856,27.41836959078097,31.4695515418934
sanic-org_sanic,2.7411764705882358,9.450980392156865,0.2392156862745098,0.0980392156862745,3.6901960784313728,19.862745098039216,0.2588235294117647,0.2588235294117647,0.1764705882352941,0.2588235294117647,0.1764705882352941,67.08627450980393,55.98039215686274,4.137254901960785,3.592156862745098,19.011764705882356,67.08627450980393,55.98039215686274,4.196078431372549,3.596078431372549,19.04313725490196,2.671840354767184,0.2638580931263858,4.496674057649668,3.789356984478936,4.5266075388026605,10.73059866962306,15.546563192904657,5.267184035476719,2.4855875831485585,10.917960088691796,15.773835920177383,5.383592017738359,8.598803424671482,0.6126059662042521,38.46791030329288,0.0057593735367398,5.404910714285714,3.842857142857143,2.1371061279607053,17.278120610220032,39.580092029033885
tiangolo_fastapi,0.2651851851851852,0.5407407407407407,0.1377777777777777,0.0044444444444444,0.317037037037037,0.2725925925925926,0.1303703703703703,0.1303703703703703,0.1259259259259259,0.1303703703703703,0.1259259259259259,9.207407407407407,8.555555555555555,0.3362962962962963,0.3125925925925926,1.0888888888888888,9.416296296296297,8.764444444444445,0.362962962962963,0.3125925925925926,1.0888888888888888,1.89119170984456,0.0880829015544041,0.3834196891191709,0.0103626943005181,0.38860103626943,16.502590673575128,17.031088082901555,3.4974093264248705,6.61139896373057,17.321243523316063,17.854922279792746,3.808290155440415,6.665966940412748,0.403660223513742,12.640687978229614,0.0038543865032608,4.172422815279958,3.3864468864468864,0.7022604432349676,11.56315950978239,57.15440896510761
babysor_MockingBird,2.261904761904762,7.880952380952381,0.2976190476190476,0.2738095238095238,3.267857142857143,10.898809523809524,0.0238095238095238,0.0238095238095238,0.0238095238095238,0.0238095238095238,0.0238095238095238,60.11309523809524,47.42857142857143,3.0595238095238093,2.994047619047619,28.714285714285715,60.11309523809524,47.42857142857143,3.0595238095238093,2.994047619047619,28.714285714285715,2.63220675944334,0.3956262425447316,2.886679920477137,1.5447316103379722,2.886679920477137,13.570576540755468,17.709741550695824,9.590457256461232,3.3479125248508947,13.570576540755468,17.709741550695824,9.590457256461232,25.10602444293444,1.4114367287060154,280.3545705517888,0.0172253837255834,11.832618025751072,7.628040057224607,15.575253919543862,51.67615117675047,52.13624830755295
yt-dlp_yt-dlp,1.537911869789599,8.147677649861055,0.3997618102421595,0.519650655021834,2.693529178245336,2.907502977371973,0.4390631202858277,0.4390631202858277,0.3513298928146089,0.4390631202858277,0.3513298928146089,78.1143310837634,69.63676061929337,4.159984120682811,2.173878523223501,20.68400158793172,78.13219531560144,69.65303691941247,4.364827312425565,2.185788011115522,20.70543866613736,4.113026052104209,0.5392785571142285,0.6707414829659318,0.1270541082164328,0.7200400801603206,19.00440881763527,21.552905811623248,9.789178356713428,2.365731462925852,20.04228456913828,22.67114228456914,10.4501002004008,23.37596177306672,1.0401638944114635,189.93283516020875,0.0139196514580966,9.653396311291049,7.081196581196581,10.551824175567113,41.75895437428995,35.24916234643259
PaddlePaddle_PaddleOCR,2.3545454545454545,9.206493506493509,0.4896103896103896,0.2844155844155844,3.5636363636363635,6.1220779220779225,0.0961038961038961,0.0961038961038961,0.0844155844155844,0.0961038961038961,0.0844155844155844,67.05844155844156,57.3012987012987,3.585714285714286,3.279220779220779,34.78051948051948,67.05844155844156,57.3012987012987,3.655844155844156,3.279220779220779,34.78051948051948,2.8688789963577497,0.3787940105220558,1.5082962363415622,0.8405503844597328,1.5151760420882234,16.5014164305949,19.20356131121004,10.734925131525696,3.292594091460947,16.657223796033993,19.368676649129903,10.838122217725616,36.78086029297075,1.5325316283886836,404.4748522276852,0.0249132628041129,15.714285714285714,9.67728337236534,22.47082512376017,74.73978841233915,47.286995351779815
httpie_cli,2.305389221556886,5.107784431137724,0.3652694610778443,0.2215568862275449,3.1137724550898205,4.874251497005988,0.2574850299401197,0.2634730538922156,0.2395209580838323,0.2634730538922156,0.2395209580838323,37.203592814371255,29.87425149700599,3.55688622754491,2.8922155688622757,12.2874251497006,37.203592814371255,29.87425149700599,3.616766467065869,2.9161676646706587,12.359281437125748,1.7882599580712788,0.3165618448637317,1.1236897274633124,0.6163522012578616,1.134171907756813,8.526205450733753,10.117400419287211,4.272536687631027,2.060796645702306,8.633123689727464,10.245283018867925,4.327044025157233,10.140832495676966,0.7897081214027767,36.67261144214663,0.0059114511496968,5.623834196891192,4.638341968911917,2.037367302341499,17.734353449090822,49.71338511617344
nvbn_thefuck,5.775,8.95,0.05,0.275,7.05,3.475,0.0,0.0,0.0,0.0,0.0,50.125,42.6,6.75,6.775,18.75,50.125,42.6,6.9,6.9,18.875,1.325925925925926,0.1925925925925926,0.4666666666666667,0.4185185185185185,0.4666666666666667,5.644444444444445,6.207407407407407,2.774074074074074,2.162962962962963,5.696296296296296,6.274074074074074,2.7962962962962963,4.342142820919018,0.4357661981433047,11.39912013821748,0.002619808847396,3.0133426966292136,2.629915730337079,0.6332844521231843,7.8594265421884035,64.6562567942488
openai_gym,3.189655172413793,10.839080459770114,0.2873563218390804,0.1494252873563218,4.563218390804598,28.620689655172413,0.264367816091954,0.264367816091954,0.1954022988505747,0.264367816091954,0.1954022988505747,94.55747126436782,65.11494252873563,5.252873563218391,4.413793103448276,30.75287356321839,94.55747126436782,65.11494252873563,5.310344827586207,4.419540229885057,30.7816091954023,2.484848484848485,0.3306982872200263,2.355731225296443,1.8866930171278,2.3662714097496704,12.196310935441373,15.628458498023717,6.978919631093544,2.1251646903820816,12.35836627140975,15.803689064558627,7.0566534914361005,25.260525154202497,1.1584295819035406,343.33976432360765,0.0182521093657157,11.689844464775849,7.116193961573651,19.07443135131156,54.75632809714679,54.56779574684161
certbot_certbot,4.058119658119658,9.837606837606838,0.2803418803418803,0.229059829059829,6.461538461538462,15.688888888888888,0.2786324786324786,0.2837606837606837,0.2119658119658119,0.2837606837606837,0.2119658119658119,77.17606837606837,60.04786324786325,6.644444444444445,6.2324786324786325,31.6991452991453,77.35726495726496,60.16752136752137,6.747008547008547,6.25982905982906,31.75897435897436,1.5977234869516934,0.4397556912826207,2.0741254858412,1.3548028872848417,2.0893947806774014,8.004441976679622,10.665463631315935,5.1113270405330375,1.732648528595225,8.061354802887285,10.733481399222654,5.149639089394781,6.389739869313379,0.528446303887817,21.653245184475413,0.0040017081554628,4.061914672216441,3.186004162330905,1.2029580658041912,12.005124466388656,35.593161579485376
huggingface_transformers,2.8149396237012074,8.475615463821024,0.6965271927361228,0.2200692689319479,3.617242347655153,14.556772442197884,0.1527660769446784,0.1531405036038566,0.1495834503416643,0.1531405036038566,0.1495834503416643,77.76326874473463,60.32977628007114,3.7736590845268174,3.3971730787232053,26.608349714499678,77.7807731910512,60.34559580642141,3.871852475896284,3.4009173453149866,26.622484320883647,2.5662500354278266,0.2400022673808916,2.850126123062098,1.754017515517388,2.8753507354816765,15.002239038630504,19.53558370886829,7.950854519173539,3.325114077601111,15.190573363942976,19.77073944959329,8.058300031176488,18.41507888516769,0.9842301011406376,224.3975346082925,0.0132615528791109,9.016758705322902,5.360331339162448,12.466529700460812,39.78465863733441,36.59308705676664
mitmproxy_mitmproxy,2.619918699186992,7.113821138211383,0.4105691056910569,0.2225609756097561,3.649390243902439,4.324186991869919,0.2693089430894309,0.2693089430894309,0.1941056910569105,0.2693089430894309,0.1941056910569105,44.16056910569106,37.00508130081301,4.1727642276422765,3.426829268292683,18.679878048780488,47.832317073170735,40.22865853658536,4.439024390243903,3.6453252032520327,19.836382113821134,2.1052631578947367,0.3584962406015037,0.8688721804511278,0.4815037593984962,0.8712781954887218,9.206315789473685,10.46406015037594,5.457443609022556,1.953684210526316,9.324812030075188,10.585263157894737,5.53203007518797,15.663428451773951,0.7056961513038517,70.31632867660672,0.0097024028769499,7.405797101449275,5.1741814278046165,3.906462704255953,29.10720863084912,41.30154942352846
commaai_openpilot,2.5942857142857143,10.709714285714286,0.208,0.2834285714285714,3.718857142857143,5.956571428571428,0.0708571428571428,0.0754285714285714,0.0685714285714285,0.0754285714285714,0.0685714285714285,57.88228571428572,44.656,3.5885714285714285,3.4354285714285715,32.02628571428571,57.88228571428572,44.656,3.645714285714286,3.4354285714285715,32.02628571428571,3.1701623815967523,0.3863328822733423,1.503382949932341,0.1671177266576454,1.5148849797023003,11.791948579161028,14.777740189445195,9.37043301759134,1.9533152909336944,11.921177266576455,14.93335588633288,9.480040595399188,29.48253450781724,1.2399191411141044,351.9956660142542,0.0194055108876203,12.221692491060786,7.962653953118792,19.55531477856956,58.216532662861056,42.68678037893064
ytdl-org_youtube-dl,1.435453983940704,8.311920938851143,0.3446571957998764,0.5052501544163064,2.544780728844966,3.153798641136504,0.3662754786905497,0.3693638048177887,0.2983323038912909,0.3693638048177887,0.2983323038912909,79.1550339715874,69.79493514515133,3.122915379864114,2.03953057442866,23.017912291537986,79.19888820259419,69.8307597282273,3.365657813465102,2.053119209388512,23.06485484867202,4.591265779597407,0.5063118389628113,0.8062094848174685,0.1299897645854657,0.8884339815762539,22.14602524735585,25.44114636642784,11.838621630842717,2.232343909928352,23.51757079495053,26.905151825315592,12.727055612418969,28.333927353608,1.147941421044375,246.58429410967187,0.0170457472513985,11.348161120840633,8.139404553415062,13.69912745053734,51.13724175419509,37.75382954209756
Textualize_rich,2.5517241379310347,9.015325670498084,0.4137931034482758,0.2183908045977011,3.528735632183908,12.513409961685824,0.2298850574712643,0.2298850574712643,0.1877394636015325,0.2298850574712643,0.1877394636015325,57.07662835249042,48.475095785440615,3.9348659003831417,3.310344827586207,19.63984674329502,57.08429118773947,48.48275862068966,4.057471264367816,3.310344827586207,19.63984674329502,2.828125,0.3004807692307692,2.907451923076923,2.753605769230769,2.9555288461538463,11.03125,14.42548076923077,5.902644230769231,2.668269230769231,11.43389423076923,14.893028846153848,6.1610576923076925,11.196072700247925,0.7868033499888594,87.12212765919949,0.0075780979024048,6.4527777777777775,4.548611111111111,4.840118203288882,22.7342937072154,33.883724948842435
django_django,2.1160478798945017,4.090789206735646,0.3577804828565632,0.107932643538243,2.727023737066342,4.370967741935484,0.2046053966321769,0.2234733211604788,0.1646378575776019,0.2234733211604788,0.1646378575776019,38.24670318523027,32.320856157435585,3.779265571109759,2.619091093528099,12.724284844796104,38.58693446946642,32.65865287076486,3.8944004869141815,2.662000405761818,12.7930614729154,1.6062054407137452,0.2565021707093639,1.4662046441231529,0.7924084916557136,1.4931692356713266,10.15087425817501,12.029593340502649,4.931612697654041,1.4932488947305531,10.598598000557612,12.508782411279723,5.021627434579997,4.063345196325972,0.2960695960065102,23.07303830066074,0.0025199362879704,2.229454806919596,1.7147993063486022,1.2818354611478189,7.559808863911319,43.277773227872814
hankcs_HanLP,4.390123456790123,14.876543209876544,0.4049382716049383,0.2444444444444444,5.955555555555556,13.671604938271605,0.219753086419753,0.237037037037037,0.1851851851851851,0.237037037037037,0.1851851851851851,78.5925925925926,67.21975308641976,6.972839506172839,5.711111111111111,38.04691358024692,78.5925925925926,67.21975308641976,7.093827160493827,5.711111111111111,38.04691358024692,2.6612190812720846,0.2937279151943462,2.147968197879859,1.6183745583038869,2.166077738515901,10.001325088339222,12.37190812720848,6.682420494699647,3.923144876325088,10.159452296819788,12.558745583038869,6.806095406360424,16.1683421276322,0.9258468014785036,205.3579157879617,0.0115242682986495,7.925252525252525,5.017777777777778,11.408773099331189,34.57280489594847,46.46318140496576
ansible_ansible,2.46,11.521935483870967,0.3838709677419354,0.2490322580645161,3.944516129032258,9.24967741935484,0.2670967741935484,0.2748387096774193,0.2238709677419355,0.2748387096774193,0.2238709677419355,65.0883870967742,49.21870967741936,5.13741935483871,3.695483870967742,29.19935483870968,65.12193548387097,49.25096774193548,5.232903225806451,3.7025806451612895,29.205806451612904,3.194240744052942,0.4550169915936326,2.082990520479342,0.8349132534430335,2.103022715077804,11.456269003756036,15.15524950813808,7.994276515829011,1.9813986764442848,11.60812019316759,15.333929529601145,8.096762654265785,16.96010135981098,0.8217036685488894,140.21429296386293,0.0104615283271941,7.453463203463204,5.358585858585859,7.78968294243674,31.384584981583053,43.61966282865598
psf_black,1.6045627376425855,5.44106463878327,0.1634980988593156,0.2623574144486692,2.346007604562738,7.61596958174905,0.0570342205323193,0.0684410646387832,0.0608365019011406,0.0684410646387832,0.0608365019011406,37.247148288973385,31.0532319391635,2.3802281368821294,2.0836501901140685,14.190114068441064,37.52471482889734,31.281368821292777,2.517110266159696,2.114068441064638,14.197718631178708,2.751923076923077,0.4653846153846154,2.673076923076923,1.5634615384615385,2.767307692307692,12.45,15.265384615384615,7.0442307692307695,1.5807692307692307,12.680769230769233,15.596153846153848,7.176923076923077,18.942212602241387,1.0013242959183142,208.00584412367783,0.0125971612850497,8.735562310030396,5.825734549138804,11.555880229093216,37.79148385514923,40.465326471831006
AUTOMATIC1111_stable-diffusion-webui,2.676190476190476,10.622222222222222,0.4253968253968254,0.4222222222222222,3.971428571428572,5.104761904761904,0.1809523809523809,0.1809523809523809,0.1682539682539682,0.1809523809523809,0.1682539682539682,59.86666666666667,47.06984126984127,4.647619047619048,3.549206349206349,33.4,59.86666666666667,47.06984126984127,4.806349206349206,3.552380952380952,33.403174603174605,3.130028063610851,0.3666978484565014,1.069223573433115,0.4387277829747427,1.0907390084190831,12.253507951356408,15.073900841908326,9.510757717492984,3.0636108512628626,12.674462114125353,15.59401309635173,9.842843779232927,26.80671152753825,1.2661992833432605,347.16318512121023,0.0186362851729428,12.019346230820547,7.4949966644429615,19.286843617845,55.90885551882846,34.51548646674029
hpcaitech_ColossalAI,3.167149059334298,10.542691751085384,0.329232995658466,0.3357452966714906,4.4848046309696095,15.290882778581766,0.1562952243125904,0.1562952243125904,0.138205499276411,0.1562952243125904,0.138205499276411,74.73444283646889,57.43125904486252,4.911722141823445,4.149059334298118,29.563675832127352,74.81259044862519,57.49204052098408,5.071635311143271,4.164978292329956,29.63458755426917,2.6323396567299007,0.3353206865401987,2.5465221318879854,1.5640469738030711,2.607046070460705,12.040831074977415,15.72755194218609,7.19620596205962,2.874616079494128,12.323396567299008,16.08545618789521,7.389521228545619,19.96488328727173,1.040006989343604,203.4186841557496,0.0140980951085358,9.626516340802056,5.939346367917796,11.30103800865265,42.29428532560792,53.51840563186839
keras-team_keras,4.2109181141439205,8.14722911497105,0.2100909842845326,0.7369727047146402,5.521091811414392,16.455748552522746,0.0578990901571546,0.0595533498759305,0.0554177005789909,0.0595533498759305,0.0554177005789909,82.26302729528535,61.23573200992556,4.894127377998346,4.784119106699752,27.674937965260547,82.26302729528535,61.23573200992556,5.1894127377998345,4.955334987593052,28.010752688172044,1.7483138090166843,0.4089456869009584,1.1648917287894924,0.568512602058928,1.189563365282215,11.891018814341498,13.701632942847,5.8452254171104014,2.119098331558396,12.237841675541356,14.086616968406108,6.010827121050763,10.91459536740052,0.7031348316421238,103.56746485115984,0.0073707634050725,5.589387755102041,3.7190204081632654,5.753748047286627,22.11229021521719,44.96413972983576
localstack_localstack,3.595778364116095,7.755672823218997,0.2395778364116094,0.2242744063324538,4.677044854881267,7.224802110817942,0.1113456464379947,0.1150395778364116,0.0992084432717678,0.1150395778364116,0.0992084432717678,75.69076517150395,61.64063324538259,4.745118733509234,4.452770448548812,26.718733509234827,78.24116094986807,63.494459102902375,5.680738786279683,5.089182058047493,27.757783641160948,1.8672341506797103,0.239105577436158,1.4314572481260324,0.6376572227163003,1.463346461694829,12.73675517723288,15.297547960869013,6.143437936729767,2.5881082454580104,13.390547579723034,16.00304916783128,6.438699021725321,6.839570258023746,0.4289892091705312,29.6993792230164,0.0041255278420515,3.6181082865632224,2.7652690656982504,1.649965512389829,12.376583526154372,49.50563089253174
pytorch_pytorch,3.5132712857635298,7.808428128231644,0.5917786970010341,0.5846259910375733,5.768097207859359,9.301706308169596,0.1440882454326094,0.1489141675284384,0.1103067907618062,0.1489141675284384,0.1103067907618062,74.60970355049983,58.72173388486728,5.268700448121337,5.183471216821785,30.32428472940365,75.61427094105481,59.55325749741469,6.964839710444674,5.903395380903137,32.3175629093416,1.855943139222876,0.3817414637143852,1.495483500952459,0.5305913438889003,1.6370414370864996,10.91700292906741,13.513836258986911,6.3577149177608,1.9963949939575183,12.938591999344544,15.769955551914135,7.586940046291555,13.409384108995168,0.8181390252834188,129.87727757137648,0.0089393496572579,6.827886110072607,4.610397276716318,7.215404309520582,26.818048971777856,26.04081722577967
scrapy_scrapy,2.4224507283633248,4.8243359040274205,0.6281062553556127,0.1953727506426735,3.546700942587832,2.913453299057412,0.3658954584404456,0.3941730934018851,0.2844901456726649,0.3941730934018851,0.2844901456726649,40.32219365895458,33.95972579263068,5.0882604970008565,3.3513281919451585,15.572407883461867,40.96915167095116,34.550985432733505,5.344473007712082,3.4652956298200515,15.846615252784918,1.5033377837116155,0.3735647530040053,0.6162883845126835,0.3217623497997329,0.629105473965287,8.909479305740987,10.002403204272364,4.716154873164219,1.768224299065421,9.314285714285717,10.441655540720962,4.897196261682243,2.904721720288656,0.2756399991435894,9.664271929100789,0.0018275065383573,1.9401853411962933,1.558270148834597,0.5369039960611591,5.482519615072019,45.69017571128588
LAION-AI_Open-Assistant,1.4171597633136097,4.100591715976331,0.257396449704142,0.1449704142011834,1.8136094674556211,2.680473372781065,0.1893491124260355,0.1893491124260355,0.1775147928994082,0.1893491124260355,0.1775147928994082,29.109467455621303,23.473372781065088,1.8727810650887573,1.668639053254438,10.257396449704142,29.476331360946745,23.76923076923077,1.9378698224852071,1.7159763313609468,10.488165680473372,2.4838709677419355,0.2419354838709677,1.1093189964157706,0.4444444444444444,1.1218637992831542,10.315412186379929,12.390681003584229,6.166666666666667,2.492831541218638,10.43010752688172,12.543010752688172,6.256272401433692,15.498544595022064,0.9219310309638158,135.3094646953774,0.0101107343884859,7.465051903114187,5.098961937716263,7.517192483076534,30.332203165458072,50.62170346537367
pandas-dev_pandas,7.484662576687117,14.762151958470977,0.2255781028787163,0.3223218499292118,8.77678150070788,28.62199150542709,0.1882963662104766,0.1920717319490325,0.1552619159981123,0.1920717319490325,0.1552619159981123,154.818310523832,123.06370929683813,10.292590844738084,8.45445965077867,57.52571967909391,154.83105238319962,123.07409155261917,10.49174138744691,8.495516753185465,57.58140632373761,1.7793515358361776,0.1745733788395904,3.1188850967007964,1.9171217292377705,3.141126279863481,12.110295790671218,16.502673492605233,6.855745164960182,2.099829351535836,12.249089874857791,16.66632536973834,6.940386803185438,9.159959241009048,0.7084037834139869,67.96824208155462,0.0063470163728411,5.468067097568483,3.6456602031394274,3.776013448975135,19.04104911852666,28.84022016562656
XX-net_XX-Net,2.309870550161812,10.647249190938512,0.551779935275081,0.5307443365695793,3.8762135922330097,15.454692556634305,0.4757281553398058,0.5121359223300971,0.3163430420711974,0.5121359223300971,0.3163430420711974,63.98139158576052,48.97653721682848,6.28074433656958,3.3454692556634305,25.972491909385116,64.1205501618123,49.09304207119741,6.325242718446602,3.3640776699029127,26.03074433656958,3.207409212771143,0.5898123324396782,3.438459663660736,2.546429441871801,3.450402144772118,10.68754569826956,15.454058006336826,7.801364854984158,2.152083841091884,10.724835486229589,15.499390689739217,7.826224713624177,20.71579608385224,1.1336527696674497,221.5241547920189,0.0136095975694626,9.47433155080214,6.385561497326203,12.306897488445438,40.82879270838729,36.0707027482857
microsoft_DeepSpeed,3.5415549597855227,13.10455764075067,0.2734584450402145,0.4798927613941018,5.533512064343164,9.67828418230563,0.1219839142091152,0.1219839142091152,0.1072386058981233,0.1219839142091152,0.1072386058981233,79.08310991957104,61.41823056300268,5.485254691689008,5.053619302949062,35.29088471849866,79.3887399463807,61.66353887399464,5.7198391420911525,5.131367292225201,35.601876675603215,2.676156583629893,0.4640021899808376,1.5217629345743224,0.6802627977005201,1.5630988228852998,10.915138242540378,13.639200656994252,7.011497399397755,2.3925540651519297,11.252121543936491,14.047084588009854,7.242814125376403,16.94744394556591,0.943263489274314,160.43065730048068,0.0111849539633475,7.97551323274796,5.383873361365323,8.912814294471092,33.5548618900421,41.39071267562706
open-mmlab_mmdetection,2.8783783783783785,10.277027027027026,0.2007722007722007,0.1862934362934362,3.9150579150579152,37.28185328185328,0.0897683397683397,0.0907335907335907,0.082046332046332,0.0907335907335907,0.082046332046332,129.80019305019306,103.3368725868726,4.161196911196911,3.728764478764479,43.43918918918919,129.80019305019306,103.3368725868726,4.214285714285714,3.738416988416988,43.45366795366795,2.788632792037716,0.2839182818229439,7.163174436877947,5.726296490309062,7.185437401781037,21.2642744892614,30.17443687794657,11.66788894709272,3.533001571503405,21.435044525929808,30.387899423782084,11.790990047145105,27.968808964986,1.508162532079865,286.30755145273235,0.0194844690706814,13.400214880472737,8.246038141283911,15.905975080707252,58.45340721204445,57.49032756603625
geekcomputers_Python,3.089041095890411,10.273972602739724,0.4315068493150685,0.8767123287671232,5.212328767123288,8.582191780821917,0.0890410958904109,0.0890410958904109,0.0890410958904109,0.0890410958904109,0.0890410958904109,60.57534246575342,50.06849315068493,5.760273972602739,4.335616438356165,28.34931506849315,60.5958904109589,50.08904109589041,5.794520547945205,4.335616438356165,28.34931506849315,2.388535031847134,0.5143312101910829,1.7101910828025475,0.9840764331210192,1.713375796178344,9.95859872611465,12.22452229299363,6.547770700636943,1.6576433121019107,10.019108280254777,12.288216560509554,6.590764331210191,19.199685089209726,1.2012051260262555,216.7658500149257,0.0141976705094595,10.278380332610269,6.261026753434563,12.042547223051432,42.59301152837852,59.25330889339251
huggingface_pytorch-image-models,2.7147058823529413,8.230882352941176,0.6367647058823529,0.3544117647058823,3.5485294117647057,6.672058823529412,0.0294117647058823,0.0294117647058823,0.0294117647058823,0.0294117647058823,0.0294117647058823,56.21470588235294,46.51323529411765,3.2808823529411764,3.194117647058824,24.648529411764702,56.21470588235294,46.51323529411765,3.297058823529412,3.194117647058824,24.648529411764702,2.5900046274872746,0.2660805182785747,1.1878759833410455,0.5446552521980564,1.1892642295233689,13.593706617306802,15.469689958352614,7.723276260990282,4.02776492364646,13.633965756594169,15.510411846367422,7.756131420638593,13.523950603200984,0.8254195569283339,139.96767545747323,0.0090646359769093,6.499655172413793,4.273103448275862,7.775981969859638,27.19390793072807,37.27658867002746
encode_django-rest-framework,1.405991077119184,2.661567877629063,0.5615041427660931,0.0936902485659655,1.7864882090503504,2.9235181644359463,0.1631612492033142,0.1631612492033142,0.1478648820905035,0.1631612492033142,0.1478648820905035,22.835564053537286,18.548119821542382,2.648820905035054,1.692797960484385,7.466539196940727,23.19566602931804,18.903123008285533,2.782664117272148,1.7903123008285533,7.609942638623327,1.6067718353212774,0.2547133512889573,1.2212389380530972,0.8687956906502501,1.2524047710657946,7.696806464024624,9.682954982685647,4.468641785302039,1.697575990765679,8.429011158137746,10.482878030011545,4.591381300500192,6.65152941448555,0.5302898214498771,23.26819598673506,0.0042991726027566,4.365716954694069,3.3736571695469406,1.2926775548186191,12.897517808270074,32.446147425057966
facebookresearch_detectron2,2.7302405498281788,7.9106529209622,0.2989690721649484,0.3797250859106529,3.963917525773196,18.640893470790378,0.1443298969072164,0.1443298969072164,0.1168384879725085,0.1443298969072164,0.1168384879725085,72.33333333333333,58.78006872852234,3.943298969072165,3.584192439862543,27.47079037800687,72.42268041237114,58.845360824742265,4.146048109965636,3.6597938144329896,27.623711340206185,2.2882703777335984,0.3384691848906561,4.17544731610338,3.149602385685885,4.201789264413519,12.9448310139165,17.825049701789265,7.746520874751491,2.5621272365805168,13.300695825049702,18.2162027833002,7.979125248508946,18.932429882498425,1.0800372145493582,160.86464022416902,0.0122861355526489,8.95806745670009,6.10619872379216,8.936924456898295,36.858406657946645,54.95717790994601
python-poetry_poetry,3.333333333333333,14.755555555555556,0.1733333333333333,0.1022222222222222,4.5777777777777775,5.986666666666666,0.0755555555555555,0.0755555555555555,0.0755555555555555,0.0755555555555555,0.0755555555555555,78.54222222222222,61.16,4.475555555555555,4.475555555555555,33.53333333333333,78.54222222222222,61.16,4.502222222222223,4.475555555555555,33.53333333333333,3.3166833166833167,0.3226773226773227,1.1868131868131868,0.4735264735264735,1.2177822177822175,12.182817182817184,15.463536463536464,7.501498501498501,2.046953046953047,12.23976023976024,15.53946053946054,7.537462537462537,10.80851224541915,0.6754480279536527,47.313618271187735,0.0065202198418333,5.78719723183391,4.438581314878893,2.628534348399328,19.560659525500355,35.69779376811252
lm-sys_FastChat,1.4683544303797469,3.1392405063291138,0.3924050632911392,0.1012658227848101,1.7468354430379749,1.3670886075949369,0.3860759493670886,0.3860759493670886,0.3734177215189873,0.3860759493670886,0.3734177215189873,20.54430379746836,16.936708860759495,3.1772151898734178,1.6455696202531649,7.158227848101266,20.54430379746836,16.936708860759495,3.1772151898734178,1.6455696202531649,7.158227848101266,1.907692307692308,0.15,0.4384615384615384,0.0807692307692307,0.4384615384615384,7.815384615384615,8.615384615384615,4.35,2.3653846153846154,7.815384615384615,8.615384615384615,4.35,25.912248773796108,1.231260148198208,242.25619605756395,0.0173928989079917,11.559734513274336,7.54646017699115,13.458677558753562,52.17869672397538,40.86762368341547
geekan_MetaGPT,2.5037593984962405,6.421052631578948,0.1278195488721804,0.2105263157894736,3.7593984962406015,6.93984962406015,0.037593984962406,0.037593984962406,0.037593984962406,0.037593984962406,0.037593984962406,38.25563909774437,30.533834586466167,3.601503759398496,3.548872180451128,16.06015037593985,38.3609022556391,30.639097744360903,3.661654135338346,3.548872180451128,16.06015037593985,1.8405172413793105,0.3836206896551724,1.5280172413793105,1.0107758620689655,1.5474137931034482,6.993534482758621,8.849137931034482,4.495689655172414,2.556034482758621,7.127155172413793,9.004310344827585,4.603448275862069,6.600298644641865,0.4816611500096827,47.33285183348785,0.0045599391164325,4.007824726134586,2.8857589984350547,2.6296028796382243,13.679817349297734,90.09802608650548
ray-project_ray,3.123210860262653,8.204662830160839,0.2450936992769662,0.2185332743101667,4.188431459347794,18.17028183562048,0.0981260144606758,0.0985686882101224,0.0830751069794894,0.0985686882101224,0.0830751069794894,75.26840785008116,58.23078058137819,4.249077763021986,3.969898185037627,22.88903644680537,75.32226648959717,58.27490039840637,4.488416703556146,4.043972259111701,23.051497712852296,2.156492398386596,0.2750155134967422,3.5711681663046853,2.1867825007756747,3.628141483090289,12.078886130933912,16.63624728513807,5.82865342848278,2.244996897300652,12.53983090288551,17.169019547005895,6.054336022339435,13.090711525888922,0.7702282606338172,80.05662096232295,0.0083365850014659,6.6647853255392056,4.690747833098166,4.44759005346219,25.00975500440199,46.44620717541434
explosion_spaCy,2.496124031007752,14.155038759689925,0.0775193798449612,0.2403100775193798,4.441860465116279,22.472868217054263,0.0077519379844961,0.0077519379844961,0.0077519379844961,0.0077519379844961,0.0077519379844961,92.75968992248062,80.55038759689923,4.0310077519379846,4.2015503875969,36.04651162790697,93.03100775193798,80.82170542635659,4.209302325581396,4.2015503875969,36.04651162790697,3.5183044315992293,0.6088631984585742,4.998073217726397,3.753371868978805,5.065510597302505,13.354527938342969,18.639691714836225,8.797687861271676,2.955684007707129,13.610789980732177,18.961464354527937,8.959537572254336,15.786619229392214,0.9074908361100904,95.3144925987654,0.0106129782613501,8.751097178683386,5.783385579937304,5.295249588820316,31.83893478405017,36.27013987966846
sqlmapproject_sqlmap,2.7099811676082863,14.819209039548022,0.3898305084745763,0.3163841807909605,4.007532956685499,8.894538606403014,0.3408662900188324,0.3653483992467043,0.2372881355932203,0.3653483992467043,0.2372881355932203,62.623352165725045,47.09416195856874,7.702448210922787,3.6911487758945385,33.453860640301315,62.79661016949152,47.23540489642185,7.804143126177024,3.7156308851224105,33.527306967984934,4.100573215216259,0.3866597186034393,1.6195935383011986,0.9463262115685253,1.6263678999478894,11.164669098488796,14.69254820218864,9.183428869202707,2.014590932777488,11.277227722772276,14.81500781657113,9.260031266284525,46.94183287526479,1.33166655437116,761.2099000404379,0.0321101216816186,17.244114002478316,10.406030565881869,42.28943889113513,96.33036504485736,40.15228677255896
streamlit_streamlit,4.47289156626506,7.555722891566265,0.3117469879518072,0.5075301204819277,6.052710843373494,19.82530120481928,0.197289156626506,0.197289156626506,0.1189759036144578,0.197289156626506,0.1189759036144578,84.97138554216868,68.31626506024097,6.414156626506024,5.545180722891566,25.468373493975903,85.05873493975903,68.38403614457832,6.876506024096385,5.612951807228916,25.54668674698795,1.4669590643274857,0.3263157894736842,3.4842105263157896,2.700584795321637,3.506432748538012,9.77719298245614,14.3812865497076,4.808187134502924,1.758187134502924,10.119298245614036,14.76374269005848,4.956432748538012,4.426205796952217,0.3643163285506975,24.822868254919,0.0028582577754632,2.6648675171736995,2.0142296368989205,1.3790482363843966,8.57477332639,57.91169559585125
