repository,McCC,NL,NLE,NII,NOI,CD,CLOC,DLOC,TCD,TCLOC,LLOC,LOC,NOS,NUMPAR,TLLOC,TLOC,TNOS
babysor_MockingBird,2.63220675944334,0.0,0.0,0.0,0.3956262425447316,0.0,2.886679920477137,1.5447316103379722,0.0,2.886679920477137,13.570576540755468,17.709741550695824,9.590457256461232,3.3479125248508947,13.570576540755468,17.709741550695824,9.590457256461232
certbot_certbot,1.5977234869516934,0.0,0.0,0.0,0.4397556912826207,0.0,2.0741254858411997,1.3548028872848417,0.0,2.0893947806774014,8.004441976679622,10.665463631315935,5.1113270405330375,1.732648528595225,8.061354802887285,10.733481399222654,5.149639089394781
ansible_ansible,3.194240744052942,0.0,0.0,0.0,0.4550169915936326,0.0,2.082990520479342,0.8349132534430335,0.0,2.103022715077804,11.456269003756036,15.15524950813808,7.994276515829011,1.9813986764442852,11.60812019316759,15.333929529601145,8.096762654265785
django_django,1.6062054407137452,0.0,0.0,0.0,0.2565021707093639,0.0,1.4662046441231529,0.7924084916557136,0.0,1.4931692356713266,10.15087425817501,12.029593340502649,4.931612697654041,1.4932488947305531,10.598598000557612,12.508782411279723,5.021627434579997
psf_black,2.751923076923077,0.0,0.0,0.0,0.4653846153846154,0.0,2.673076923076923,1.5634615384615385,0.0,2.767307692307692,12.45,15.265384615384615,7.0442307692307695,1.5807692307692307,12.680769230769233,15.596153846153848,7.176923076923077
AUTOMATIC1111_stable-diffusion-webui,3.130028063610851,0.0,0.0,0.0,0.3666978484565014,0.0,1.069223573433115,0.4387277829747427,0.0,1.0907390084190831,12.253507951356408,15.073900841908326,9.510757717492984,3.0636108512628626,12.674462114125353,15.59401309635173,9.842843779232927
localstack_localstack,1.8672341506797103,0.0,0.0,0.0,0.239105577436158,0.0,1.4314572481260324,0.6376572227163003,0.0,1.463346461694829,12.73675517723288,15.297547960869013,6.143437936729767,2.5881082454580104,13.390547579723034,16.00304916783128,6.438699021725321
pandas-dev_pandas,1.7793515358361776,0.0,0.0,0.0,0.1745733788395904,0.0,3.1188850967007964,1.9171217292377705,0.0,3.141126279863481,12.110295790671218,16.502673492605233,6.855745164960182,2.099829351535836,12.249089874857791,16.66632536973834,6.940386803185438
commaai_openpilot,3.1701623815967523,0.0,0.0,0.0,0.3863328822733423,0.0,1.503382949932341,0.1671177266576454,0.0,1.5148849797023003,11.791948579161028,14.777740189445195,9.37043301759134,1.9533152909336944,11.921177266576455,14.93335588633288,9.480040595399188
mitmproxy_mitmproxy,2.1052631578947367,0.0,0.0,0.0,0.3584962406015037,0.0,0.8688721804511278,0.4815037593984962,0.0,0.8712781954887218,9.206315789473685,10.46406015037594,5.457443609022556,1.953684210526316,9.324812030075188,10.585263157894737,5.53203007518797
PaddlePaddle_PaddleOCR,2.8688789963577497,0.0,0.0,0.0,0.3787940105220558,0.0,1.5082962363415622,0.8405503844597328,0.0,1.5151760420882234,16.5014164305949,19.20356131121004,10.734925131525696,3.292594091460947,16.657223796033993,19.368676649129903,10.838122217725616
nvbn_thefuck,1.325925925925926,0.0,0.0,0.0,0.1925925925925926,0.0,0.4666666666666667,0.4185185185185185,0.0,0.4666666666666667,5.644444444444445,6.207407407407407,2.774074074074074,2.162962962962963,5.696296296296296,6.274074074074074,2.7962962962962963
XX-net_XX-Net,3.207409212771143,0.0,0.0,0.0,0.5898123324396782,0.0,3.438459663660736,2.546429441871801,0.0,3.450402144772118,10.68754569826956,15.454058006336826,7.801364854984158,2.152083841091884,10.724835486229589,15.499390689739217,7.826224713624177
tiangolo_fastapi,1.89119170984456,0.0,0.0,0.0,0.0880829015544041,0.0,0.3834196891191709,0.0103626943005181,0.0,0.38860103626943,16.502590673575128,17.031088082901555,3.4974093264248705,6.61139896373057,17.321243523316063,17.854922279792746,3.808290155440415
pytorch_pytorch,1.8559431392228756,0.0,0.0,0.0,0.3817414637143852,0.0,1.495483500952459,0.5305913438889003,0.0,1.6370414370864996,10.91700292906741,13.513836258986911,6.3577149177608,1.9963949939575183,12.938591999344544,15.769955551914135,7.586940046291555
huggingface_transformers,2.5662500354278266,0.0,0.0,0.0,0.2400022673808916,0.0,2.850126123062098,1.754017515517388,0.0,2.8753507354816765,15.002239038630504,19.53558370886829,7.950854519173539,3.325114077601111,15.190573363942976,19.77073944959329,8.058300031176488
Textualize_rich,2.828125,0.0,0.0,0.0,0.3004807692307692,0.0,2.907451923076923,2.753605769230769,0.0,2.9555288461538463,11.03125,14.42548076923077,5.902644230769231,2.668269230769231,11.43389423076923,14.893028846153848,6.1610576923076925
yt-dlp_yt-dlp,4.113026052104209,0.0,0.0,0.0,0.5392785571142285,0.0,0.6707414829659318,0.1270541082164328,0.0,0.7200400801603206,19.00440881763527,21.552905811623248,9.789178356713428,2.365731462925852,20.04228456913828,22.67114228456914,10.4501002004008
openai_gym,2.484848484848485,0.0,0.0,0.0,0.3306982872200263,0.0,2.355731225296443,1.8866930171278,0.0,2.3662714097496704,12.196310935441373,15.628458498023717,6.978919631093544,2.1251646903820816,12.35836627140975,15.803689064558627,7.0566534914361005
httpie_cli,1.7882599580712788,0.0,0.0,0.0,0.3165618448637317,0.0,1.1236897274633124,0.6163522012578616,0.0,1.134171907756813,8.526205450733753,10.117400419287211,4.272536687631027,2.060796645702306,8.633123689727464,10.245283018867925,4.327044025157233
ytdl-org_youtube-dl,4.591265779597407,0.0,0.0,0.0,0.5063118389628113,0.0,0.8062094848174685,0.1299897645854657,0.0,0.8884339815762539,22.14602524735585,25.44114636642784,11.838621630842717,2.232343909928352,23.51757079495053,26.905151825315592,12.727055612418969
scrapy_scrapy,1.5033377837116155,0.0,0.0,0.0,0.3735647530040053,0.0,0.6162883845126835,0.3217623497997329,0.0,0.629105473965287,8.909479305740987,10.002403204272364,4.716154873164219,1.768224299065421,9.314285714285717,10.441655540720962,4.897196261682243
keras-team_keras,1.7483138090166843,0.0,0.0,0.0,0.4089456869009584,0.0,1.1648917287894924,0.568512602058928,0.0,1.189563365282215,11.891018814341498,13.701632942847,5.8452254171104014,2.119098331558396,12.237841675541356,14.086616968406108,6.010827121050763
hankcs_HanLP,2.6612190812720846,0.0,0.0,0.0,0.2937279151943462,0.0,2.147968197879859,1.6183745583038869,0.0,2.166077738515901,10.001325088339222,12.37190812720848,6.682420494699647,3.923144876325088,10.159452296819788,12.558745583038869,6.806095406360424
hpcaitech_ColossalAI,2.6323396567299007,0.0,0.0,0.0,0.3353206865401987,0.0,2.5465221318879854,1.5640469738030711,0.0,2.607046070460705,12.040831074977415,15.72755194218609,7.19620596205962,2.874616079494128,12.323396567299008,16.08545618789521,7.389521228545619
LAION-AI_Open-Assistant,2.4838709677419355,0.0,0.0,0.0,0.2419354838709677,0.0,1.1093189964157706,0.4444444444444444,0.0,1.1218637992831542,10.315412186379929,12.390681003584229,6.166666666666667,2.492831541218638,10.43010752688172,12.543010752688172,6.256272401433692
powerline_powerline,2.1961009174311927,0.0,0.0,0.0,0.4059633027522936,0.0,1.125,0.6903669724770642,0.0,1.1295871559633028,10.400229357798166,11.85894495412844,6.430045871559633,2.14105504587156,10.702981651376149,12.190366972477063,6.580275229357798
joke2k_faker,1.7516902274124155,0.0,0.0,0.0,0.0774431468961278,0.0,0.5691456668715427,0.17639827904118,0.0,0.5709895513214506,6.63859864781807,7.599262446220036,4.635525507068223,2.087277197295636,6.673017824216349,7.641057160417947,4.653964351567302
spotify_luigi,1.53757225433526,0.0,0.0,0.0,0.3697198755002223,0.0,1.1078257003112495,0.8145842596709649,0.0,1.1340595820364607,6.469986660738106,8.197421076033793,4.087149844375278,1.5649177412183193,7.034459759893286,8.835927078701646,4.292574477545576
recommenders-team_recommenders,2.478021978021978,0.0,0.0,0.0,0.4377289377289377,0.0,7.606227106227106,6.195970695970696,0.0,7.617216117216117,19.6978021978022,29.37545787545788,10.375457875457876,2.838827838827839,19.76923076923077,29.465201465201464,10.424908424908423
zhayujie_chatgpt-on-wechat,3.4945295404814005,0.0,0.0,0.0,0.4113785557986871,0.0,2.015317286652079,1.2056892778993435,0.0,2.024070021881838,12.01969365426696,14.185995623632383,9.321663019693654,2.2472647702407,12.157549234135669,14.332603938730854,9.422319474835886
HumanSignal_label-studio,2.342624854819977,0.0,0.0,0.0,0.2799070847851335,0.0,0.9547038327526132,0.3879210220673635,0.0,0.9581881533101044,8.336817653890824,9.94541231126597,5.24274099883856,2.1939605110336817,8.376306620209059,9.988385598141695,5.2682926829268295
microsoft_unilm,2.5916675916675915,0.0,0.0,0.0,0.3127613127613127,0.0,2.098605098605099,1.224886224886225,0.0,2.131905131905132,13.648536648536648,16.784807784807786,7.388648388648389,2.945942945942946,14.037592037592038,17.227106227106226,7.627335627335627
RasaHQ_rasa,2.212324179504354,0.0,0.0,0.0,0.4464166108506363,0.0,3.9367046215673134,2.965170797052913,0.0,3.9507702612190223,11.7906898861353,16.793369055592766,4.625586068318821,2.5448760884125923,12.022438044206297,17.058606831882116,4.747823174815808
kivy_kivy,2.7641692009953,0.0,0.0,0.0,0.3209842410837711,0.0,1.962952723251313,1.046723804257672,0.0,1.983688139341996,9.7732927840752,12.426043682609896,7.327343102018247,2.034835499032347,10.00691180536356,12.689798175283384,7.491014653027371
RaRe-Technologies_gensim,2.218504966021955,0.0,0.0,0.0,0.3915316257187663,0.0,7.542080501829587,6.270256142185049,0.0,7.566649242028228,10.168322007318348,18.582854155776268,7.478306325143754,2.0041819132253007,10.251437532671195,18.69053842132776,7.535807631991636
aws_aws-cli,1.3972578660573036,0.0,0.0,0.0,0.4410265424503428,0.0,0.934434874318861,0.3505009667779926,0.0,0.9383019862893304,9.6596941465987,11.05097556688346,5.022499560555458,1.6030936895763754,9.680435928985762,11.07259623835472,5.031815784847952
ipython_ipython,2.654151242728715,0.0,0.0,0.0,0.3685880486515071,0.0,5.043363299841354,3.564780539397145,0.0,5.100475938656795,10.212057112638815,16.06663141195135,6.859333685880486,1.97567424643046,10.53358011634056,16.442622950819672,7.051824431517716
Delgan_loguru,2.954356846473029,0.0,0.0,0.0,0.3526970954356846,0.0,4.813278008298755,4.493775933609959,0.0,4.813278008298755,9.705394190871369,15.634854771784232,6.365145228215767,2.240663900414938,10.066390041493776,16.070539419087137,6.622406639004149
ranger_ranger,3.885067873303168,0.0,0.0,0.0,0.453393665158371,0.0,1.395475113122172,0.6805429864253394,0.0,1.4226244343891403,10.589140271493212,12.729411764705882,8.070588235294117,1.8895927601809956,10.877828054298645,13.048868778280545,8.256108597285069
aio-libs_aiohttp,2.124845488257108,0.0,0.0,0.0,0.245982694684796,0.0,0.899876390605686,0.3899876390605686,0.0,0.907292954264524,9.38627935723115,11.024721878862794,5.440667490729296,1.9449938195302845,9.53831891223733,11.18726823238566,5.5364647713226205
plotly_plotly.py,1.769483257046495,0.0,0.0,0.0,0.0197241628523247,0.0,10.261382799325464,9.221844133943629,0.0,10.262828234160445,11.306311732112745,21.17757769212238,2.8609371235846783,2.7543664177306675,11.320464948205252,21.193507588532885,2.866327390990123
ddbourgin_numpy-ml,2.1443736730360934,0.0,0.0,0.0,0.3152866242038216,0.0,10.644373673036094,9.926751592356688,0.0,10.64755838641189,10.48832271762208,22.51061571125265,6.916135881104034,2.529723991507431,10.503184713375797,22.528662420382165,6.929936305732484
mlflow_mlflow,1.944576674600476,0.0,0.0,0.0,0.3624617477048623,0.0,3.735464127847671,3.1866712002720163,0.0,3.7619857191431487,8.80890853451207,12.956137368242096,4.515810948656919,2.314518871132268,9.058143488609316,13.241754505270316,4.653859231553893
pytorch_vision,2.1235955056179776,0.0,0.0,0.0,0.5522141440846001,0.0,1.3000660938532715,0.592531394580304,0.0,1.3113020489094511,10.995042961004629,13.472901520158626,6.241242564441507,2.7951090548578983,11.17151354923992,13.667547918043622,6.342696629213483
python_mypy,2.724327195467422,0.0,0.0,0.0,0.6359773371104815,0.0,1.7202549575070822,0.6703257790368272,0.0,1.739199716713881,9.2268059490085,11.213881019830028,5.512570821529745,2.239553824362606,9.312854107648723,11.310021246458923,5.554886685552408
Ciphey_Ciphey,1.8558951965065504,0.0,0.0,0.0,0.1222707423580786,0.0,1.537117903930131,0.7467248908296943,0.0,1.5414847161572052,7.098253275109171,8.914847161572052,4.067685589519651,1.3689956331877728,7.170305676855895,8.997816593886462,4.111353711790393
jantic_DeOldify,2.015929203539823,0.0,0.0,0.0,0.3433628318584071,0.0,0.6238938053097345,0.4513274336283185,0.0,0.6238938053097345,5.499115044247787,6.179646017699115,4.38141592920354,3.078761061946903,5.531858407079646,6.212389380530974,4.411504424778761
frappe_erpnext,3.2825219473264164,0.0,0.0,0.0,0.8242218675179569,0.0,0.9694732641660015,0.3306065442936951,0.0,0.9742617717478051,17.702913008778932,21.19772545889864,9.094772545889864,1.3487629688747007,17.875698324022345,21.384676775738228,9.174980047885075
sanic-org_sanic,2.671840354767184,0.0,0.0,0.0,0.2638580931263858,0.0,4.496674057649668,3.789356984478936,0.0,4.5266075388026605,10.73059866962306,15.546563192904657,5.267184035476719,2.4855875831485585,10.917960088691796,15.773835920177383,5.383592017738359
kovidgoyal_calibre,3.307625899280576,0.0,0.0,0.0,0.4165179856115107,0.0,1.0084604316546764,0.5110215827338129,0.0,1.0267625899280577,11.440345323741008,12.933870503597122,8.828374100719424,2.2199712230215827,11.851280575539567,13.372719424460431,9.140489208633094
quantopian_zipline,1.7656619385342789,0.0,0.0,0.0,0.2624113475177305,0.0,4.008274231678487,2.607269503546099,0.0,4.1054964539007095,14.528664302600474,20.18617021276596,5.6072695035461,2.2603427895981087,15.29403073286052,21.08067375886525,5.921985815602837
pypa_pipenv,2.969986357435198,0.0,0.0,0.0,0.3988176443838108,0.0,2.670911020160679,1.6292254054873427,0.0,2.6945581324844627,9.978323480369864,13.156131574958314,6.175079581628013,2.27012278308322,10.159314840078824,13.36425648021828,6.2902834621797785
nicolargo_glances,3.1284606866002216,0.0,0.0,0.0,0.4828349944629014,0.0,4.365448504983389,1.840531561461794,0.0,4.372093023255814,10.841638981173864,16.503875968992247,7.5869324473975635,1.9169435215946844,10.870431893687709,16.54042081949059,7.604651162790698
huggingface_diffusers,3.38655737704918,0.0,0.0,0.0,0.4675409836065574,0.0,5.038688524590164,3.376229508196721,0.0,5.059672131147541,19.26688524590164,27.18262295081967,10.14,3.43344262295082,19.644918032786887,27.624590163934425,10.39032786885246
freqtrade_freqtrade,3.07735982966643,0.0,0.0,0.0,0.396735273243435,0.0,4.610361958836054,3.441447835344216,0.0,4.612491128459901,12.508871540099362,18.706884315117104,7.185237757274663,2.6777856635911994,12.5486160397445,18.74946770759404,7.209368346344926
google_jax,1.5698366661578385,0.0,0.0,0.0,0.3920012211876049,0.0,0.954052816363914,0.2608762021065486,0.0,1.1163181193710885,9.90551060906732,11.840329720653337,5.741260876202107,2.009769500839566,12.010227446191422,14.058311708136165,6.895741108227751
oobabooga_text-generation-webui,2.6481481481481484,0.0,0.0,0.0,0.2481481481481481,0.0,0.8703703703703703,0.1222222222222222,0.0,0.8703703703703703,9.422222222222222,11.670370370370373,7.211111111111111,2.1703703703703705,9.514814814814814,11.766666666666667,7.274074074074074
mindsdb_mindsdb,2.6428778648099795,0.0,0.0,0.0,0.4644618508848274,0.0,2.4084711343196985,1.7539889759210907,0.0,2.430519292138091,12.724978241949522,16.79779518421816,7.463301421525965,1.943138961415724,12.901943719176096,17.009283434870902,7.588627792283145
matplotlib_matplotlib,2.4953666398066074,0.0,0.0,0.0,0.4744157937147462,0.0,6.044117647058823,4.977034649476229,0.0,6.085414987912974,9.122280419016922,15.7209911361805,6.225020145044319,2.4317082997582595,9.288678485092667,15.93392425463336,6.337228041901692
gradio-app_gradio,2.4996003197442045,0.0,0.0,0.0,0.1630695443645084,0.0,2.569944044764189,2.15347721822542,0.0,2.6003197442046364,17.519584332533974,20.81294964028777,7.233413269384492,3.2222222222222223,18.42286171063149,21.76498800959233,7.749800159872103
OpenBB-finance_OpenBBTerminal,3.75398867730314,0.0,0.0,0.0,0.2424086464230571,0.0,3.233144621718991,2.863612969634586,0.0,3.23623262995368,28.957282552753476,33.28255275347401,9.038600102933607,2.029850746268657,28.58620689655172,33.31909418425116,9.06484817292846
Lightning-AI_lightning,1.84131689811203,0.0,0.0,0.0,0.2189109065376814,0.0,1.680449368076143,1.2430956467467624,0.0,1.691995631143704,6.525354969574036,8.670307380246529,3.9247932594788577,2.1046965205180217,6.6264627867061945,8.787954439070058,3.992978623810267
numpy_numpy,1.755080069977123,0.0,0.0,0.0,0.314224195935944,0.0,1.9249091643116676,0.9130668819808908,0.0,1.964876867178038,9.398062171982236,12.000403714170368,6.77459292154488,1.5201184228233078,9.654016955995155,12.286233346790471,6.910240882788319
lllyasviel_ControlNet,2.892479801118707,0.0,0.0,0.0,0.3064014916096955,0.0,2.705407085146053,2.0540708514605344,0.0,2.7203231821006835,13.982597886886264,17.705407085146053,8.279676817899317,3.632069608452455,14.208825357364825,17.969546302050965,8.454319453076446
python-telegram-bot_python-telegram-bot,1.5993788819875776,0.0,0.0,0.0,0.1900056465273856,0.0,3.5093167701863357,2.9805194805194803,0.0,3.53613777526821,13.609824957651044,18.185206098249576,6.196781479390175,3.696499153020892,14.3184641445511,18.93167701863354,6.578204404291361
dragonpilot-community_dp-devel,3.2098765432098766,0.0,0.0,0.0,0.4203409758965314,0.0,1.69429747207525,0.1716637272192827,0.0,1.7178130511463845,12.430335097001764,15.519106407995295,9.441504997060552,1.9141681363903589,12.55379188712522,15.688418577307466,9.549088771310991
uds-se_debuggingbook,2.069696672229312,0.0,0.0,0.0,0.3784234809070383,0.0,2.0981643270835377,1.2764307450672423,0.0,2.143810739177383,7.70727397663689,10.241582408952588,5.4067929714341805,1.839206832237165,8.086973593796014,10.654657897320114,5.627171885736724
comfyanonymous_ComfyUI,2.579253112033195,0.0,0.0,0.0,0.329460580912863,0.0,1.6,0.6605809128630705,0.0,1.6107883817427386,14.87551867219917,17.536929460580915,8.653941908713692,3.615767634854772,15.195020746887966,17.912033195020747,8.902904564315353
cfpb_consumerfinance.gov,1.3354059985369422,0.0,0.0,0.0,0.2051938551572787,0.0,0.5950987564008778,0.2746891002194587,0.0,0.5965618141916605,9.227871250914411,10.267373811265545,4.279444038039503,1.407461594732992,9.282370153621068,10.325896122896854,4.3006583760058525
n00mkrad_flowframes,2.872508591065292,0.0,0.0,0.0,0.4286941580756013,0.0,3.0946735395189005,1.8290378006872847,0.0,3.115807560137457,9.343470790378008,13.030756013745703,6.347079037800687,2.16340206185567,9.523367697594502,13.2340206185567,6.461855670103093
pyecharts_pyecharts,2.0306122448979598,0.0,0.0,0.0,0.1972789115646258,0.0,0.1428571428571428,0.0442176870748299,0.0,0.1428571428571428,22.047619047619047,22.64625850340136,4.003401360544218,7.795918367346939,22.078231292517007,22.67687074829932,4.017006802721088
nateemma_strategies,15.025094696969695,0.0,0.0,0.0,0.5208333333333334,0.0,6.149147727272728,0.8925189393939394,0.0,6.206439393939394,18.494318181818183,27.99952651515152,15.047821969696969,2.620738636363636,18.66761363636364,28.24763257575757,15.134469696969695
PaddlePaddle_PaddleNLP,2.751751077586207,0.0,0.0,0.0,0.2722252155172414,0.0,3.6945043103448274,2.895878232758621,0.0,3.7152478448275854,14.36267510775862,19.38752693965517,8.145878232758621,3.240032327586207,14.60748922413793,19.67194234913793,8.312163254310345
aleju_imgaug,1.640754307420974,0.0,0.0,0.0,0.3177316510649844,0.0,2.0111246777913445,1.2576312576312576,0.0,2.022249355582689,10.311490978157645,13.35273368606702,6.415683082349749,1.6402116402116402,10.501424501424502,13.554063220729889,6.516347849681183
ietf-tools_datatracker,2.321657910099241,0.0,0.0,0.0,0.375072971395213,0.0,2.546701692936369,0.4512551079976649,0.0,2.578225335668418,15.988324576765908,19.235843549328663,11.025685931115005,1.5694687682428488,16.233800350262698,19.507880910683014,11.194103911266785
SiCKRAGE_SiCKRAGE,3.253807106598985,0.0,0.0,0.0,0.4314720812182741,0.0,2.448730964467005,1.7411167512690355,0.0,2.449238578680203,11.225888324873097,15.866497461928931,7.751776649746193,2.799492385786802,11.305583756345175,15.952791878172588,7.804060913705584
netbox-community_netbox,1.8759978712080891,0.0,0.0,0.0,0.092868547099521,0.0,1.074241617881852,0.4845662586482171,0.0,1.0784992017030337,10.862692921766897,13.10324640766365,5.426822778073444,1.697711548696115,10.894092602448112,13.141830761043108,5.438531133581693
Rparadise-Team_Koriki,2.221435316336166,0.0,0.0,0.0,0.4348441926345609,0.0,2.118035882908404,1.317752596789424,0.0,2.1397544853635506,6.303588290840415,8.564211520302171,4.6548630783758265,2.205854579792257,6.383380547686497,8.664778092540132,4.720018885741266
jopohl_urh,2.358695652173913,0.0,0.0,0.0,0.3205196182396606,0.0,0.5522269353128314,0.2722693531283139,0.0,0.5530222693531283,10.693796394485684,12.452810180275716,8.663573700954402,1.784464475079533,10.721898197242842,12.482767762460233,8.685047720042418
microsoft_nni,2.245100150764592,0.0,0.0,0.0,0.2569459401249192,0.0,2.090027999138488,1.4469093258668964,0.0,2.143441740254146,8.349989231100581,10.95886280422141,5.8216670256299805,2.3766961016584105,8.802929140641826,11.4766314882619,6.137195778591428
jyrkioraskari_IFCtoLBD,2.9523273273273274,0.0,0.0,0.0,0.4425675675675675,0.0,3.4690315315315314,1.9542042042042045,0.0,3.494369369369369,9.22222222222222,13.223536036036036,6.3432807807807805,2.1300675675675675,9.36843093093093,13.392267267267266,6.441441441441442
intel_dffml,2.1388535031847136,0.0,0.0,0.0,0.2331210191082802,0.0,1.7012738853503184,0.6681528662420382,0.0,1.7101910828025475,12.568789808917195,14.624203821656051,5.794267515923567,1.7414012738853504,12.7343949044586,14.8,5.880891719745223
facebookresearch_ParlAI,2.468842268842269,0.0,0.0,0.0,0.4248640248640248,0.0,3.0113442113442117,2.176223776223776,0.0,3.022222222222222,13.150893550893551,16.836208236208236,7.110800310800311,2.1804195804195805,13.262781662781665,16.95912975912976,7.177622377622377
ludwig-ai_ludwig,1.9001040582726327,0.0,0.0,0.0,0.2147069025320846,0.0,1.960110995490808,1.2424557752341312,0.0,1.989247311827957,8.917100242802636,11.542143600416232,4.157821713492889,2.7048213666319807,9.061394380853278,11.72147069025321,4.252514741588623
compas-dev_compas,1.9545290508841573,0.0,0.0,0.0,0.2883435582822086,0.0,7.992782389029231,7.265968964272826,0.0,7.994225911223385,6.129916997473837,13.887405268856009,4.11295561169253,2.1003247924936845,6.151208949837604,13.911584265608084,4.130638758570913
horovod_horovod,2.8184568835098336,0.0,0.0,0.0,0.6036308623298033,0.0,1.5930408472012103,0.7771053958648513,0.0,1.6787695410993444,12.578416540595056,15.800302571860817,9.019162884518408,2.0292486132123044,13.410489157841656,16.793242561775088,9.586989409984872
mlc-ai_mlc-llm,2.5657015590200447,0.0,0.0,0.0,0.1915367483296214,0.0,2.0311804008908685,1.2583518930957684,0.0,2.0556792873051224,17.870824053452115,20.625835189309576,11.78173719376392,3.175946547884187,19.011135857461024,21.87750556792873,12.334075723830734
wenhao-gao_mol_opt,2.224719101123596,0.0,0.0,0.0,0.3874157303370786,0.0,3.25438202247191,1.957752808988764,0.0,3.4161797752808987,10.668314606741571,15.177977528089889,7.561348314606741,2.599550561797753,11.10741573033708,15.819775280898876,7.858426966292135
lllyasviel_Fooocus,2.5695142378559463,0.0,0.0,0.0,0.3249581239530988,0.0,1.6499162479061975,0.7294807370184254,0.0,1.6549413735343383,15.090452261306533,17.798157453936348,8.681742043551088,3.661641541038526,15.127303182579563,17.84170854271357,8.712730318257956
Mikubill_sd-webui-controlnet,2.6673433874709978,0.0,0.0,0.0,0.3471577726218097,0.0,3.5475638051044083,2.641241299303944,0.0,3.586136890951276,13.25522041763341,17.807134570765662,8.03683294663573,3.155742459396752,13.730278422273782,18.3677494199536,8.382830626450117
CMSgov_bluebutton-web-server,1.90080738177624,0.0,0.0,0.0,0.4117647058823529,0.0,2.6205305651672437,0.8373702422145328,0.0,2.6424452133794696,13.391003460207612,17.18800461361015,6.888119953863899,1.964244521337947,13.83275663206459,17.647058823529413,6.988465974625144
reflex-dev_reflex,2.22168284789644,0.0,0.0,0.0,0.2281553398058252,0.0,6.252427184466019,5.496763754045308,0.0,6.2799352750809065,8.101941747572816,14.846278317152104,3.894822006472492,1.843042071197411,8.210355987055015,14.988673139158577,3.9449838187702255
karlproject_karl,1.2446828533785057,0.0,0.0,0.0,0.5834744965179748,0.0,0.3786937699981178,0.1810653115000941,0.0,0.3805759457933371,8.566534914361002,9.383587427065688,6.153773762469415,1.5531714662149445,8.77639751552795,9.598155467720686,6.261434217955957
ultralytics_ultralytics,2.934331797235023,0.0,0.0,0.0,0.3640552995391705,0.0,5.278801843317972,3.1497695852534564,0.0,5.29147465437788,10.942396313364055,15.7926267281106,8.074884792626728,2.9700460829493087,10.988479262672811,15.847926267281109,8.111751152073733
spotDL_spotify-downloader,4.019230769230769,0.0,0.0,0.0,0.2403846153846154,0.0,9.817307692307692,7.576923076923077,0.0,9.817307692307692,18.365384615384617,32.31730769230769,9.942307692307692,2.519230769230769,18.365384615384617,32.31730769230769,9.942307692307692
networkx_networkx,1.6639147802929428,0.0,0.0,0.0,0.1861517976031957,0.0,2.3685752330226366,1.5912117177097205,0.0,2.387749667110519,11.180559254327564,14.01571238348868,7.063382157123835,1.2932090545938748,11.298535286284954,14.151264980026632,7.131025299600533
OpenBMB_ChatDev,2.1703125,0.0,0.0,0.0,0.3453125,0.0,1.3796875,1.015625,0.0,1.40625,8.0484375,9.6015625,5.5734375,1.84375,8.121875,9.7015625,5.628125
twitter_the-algorithm-ml,2.36,0.0,0.0,0.0,0.3333333333333333,0.0,2.3866666666666667,1.58,0.0,2.4,11.053333333333333,14.64,6.6066666666666665,2.4066666666666667,11.226666666666668,14.826666666666666,6.66
pyodide_pyodide,1.507936507936508,0.0,0.0,0.0,0.1547619047619047,0.0,3.742063492063492,3.361111111111111,0.0,3.746031746031746,5.313492063492063,9.325396825396826,2.8373015873015874,2.0793650793650795,5.587301587301587,9.59920634920635,3.0277777777777777
apollos_opencv-practice,2.138353765323993,0.0,0.0,0.0,0.3896672504378283,0.0,6.122591943957969,0.0,0.0,6.122591943957969,9.280210157618214,17.584938704028023,7.220665499124343,3.11646234676007,9.280210157618214,17.584938704028023,7.220665499124343
merenlab_anvio,5.738475581926061,0.0,0.0,0.0,0.419443176631675,0.0,6.4272021907804655,3.59926973984482,0.0,6.43222272934733,23.051574623459608,34.112733911455955,16.962117754450023,2.422638064810589,23.17571884984025,34.244180739388405,17.050205385668644
neuropsychology_NeuroKit,,,,,,,,,,,,,,,,,
jina-ai_jina,2.1251758087201127,0.0,0.0,0.0,0.1568213783403657,0.0,2.549226441631505,2.279184247538678,0.0,2.628691983122363,9.79676511954993,12.886075949367088,4.5358649789029535,3.112517580872012,10.573839662447256,13.760196905766524,4.954992967651196
borgbackup_borg,2.7891737891737893,0.0,0.0,0.0,0.4672364672364672,0.0,1.6666666666666667,0.4491927825261159,0.0,1.8043684710351375,13.640075973409306,15.598290598290598,8.183285849952517,2.592592592592593,14.721747388414055,16.824311490978157,8.952516619183285
jorisschellekens_borb,2.5064666321779616,0.0,0.0,0.0,0.2343507501293326,0.0,4.483186756337299,1.4024831867563372,0.0,4.511639937920331,17.672012415933782,22.33626487325401,8.983962752198655,2.065700982928091,17.740817382307295,22.43248836006208,9.03052250387998
flairNLP_flair,2.84902411021814,0.0,0.0,0.0,0.3920780711825488,0.0,2.82089552238806,1.5723306544202067,0.0,2.8243398392652126,13.686567164179104,18.723306544202067,7.646957520091848,2.737083811710677,13.72617680826636,18.766934557979333,7.663605051664753
pytorch_audio,1.6014279714405713,0.0,0.0,0.0,0.5073498530029399,0.0,2.653926921461571,2.1923561528769424,0.0,2.6598068038639227,11.126837463250736,14.506929861402773,6.058378832423352,2.7093658126837465,11.215455690886182,14.60184796304074,6.115497690046199
apache_tvm,2.3395061728395063,0.0,0.0,0.0,0.2945736434108527,0.0,2.9830605799598047,2.368073499856445,0.0,3.01923629055412,10.52354292276773,14.116279069767442,6.342807924203273,2.5983347688774043,10.982917025552684,14.625610106230262,6.599483204134367
PrefectHQ_prefect,1.4629967189208894,0.0,0.0,0.0,0.1461903025884068,0.0,1.2834487787094422,0.7203791469194313,0.0,1.338497994896099,12.515858549033904,15.003463361283266,4.756653299307327,2.496172074371126,13.521144732045206,16.11921254101349,5.1409041195771055
unifyai_ivy,1.5352611389790498,0.0,0.0,0.0,0.2000590144585423,0.0,16.0177043375627,15.83977574505754,0.0,16.02744172322219,11.2165830628504,27.27353201534376,2.4520507524343462,3.9454116258483327,11.295957509589847,27.362348775449984,2.497196813219239
Rapptz_discord.py,2.255125284738041,0.0,0.0,0.0,0.1649202733485193,0.0,4.91617312072893,4.428701594533029,0.0,4.920728929384966,7.650113895216401,13.30250569476082,4.441913439635536,2.222779043280182,7.804100227790433,13.480637813211844,4.522095671981777
smicallef_spiderfoot,3.215028901734104,0.0,0.0,0.0,0.2398843930635838,0.0,1.5557803468208091,0.9997109826589596,0.0,1.5632947976878613,12.820231213872832,16.936416184971097,10.132658959537572,1.4742774566473988,12.958959537572252,17.10751445086705,10.24306358381503
saltstack_salt,2.1234523271577044,0.0,0.0,0.0,0.2647085404428377,0.0,2.867871667419792,2.054676909173068,0.0,2.97849073655671,14.344780840488026,17.788883868052416,6.392860370537732,1.6040668775417986,14.684319927699956,18.232444645277905,6.52254857659286
gunthercox_ChatterBot,1.3595679012345678,0.0,0.0,0.0,0.1003086419753086,0.0,1.5524691358024691,1.3842592592592593,0.0,1.5540123456790125,7.640432098765432,10.785493827160494,4.78858024691358,1.2314814814814814,7.665123456790123,10.811728395061728,4.804012345679013
geekcomputers_Python,2.388535031847134,0.0,0.0,0.0,0.5143312101910829,0.0,1.7101910828025477,0.9840764331210191,0.0,1.713375796178344,9.95859872611465,12.22452229299363,6.547770700636943,1.6576433121019107,10.019108280254777,12.288216560509554,6.590764331210191
huggingface_pytorch-image-models,2.5900046274872746,0.0,0.0,0.0,0.2660805182785747,0.0,1.1878759833410457,0.5446552521980564,0.0,1.1892642295233689,13.593706617306802,15.469689958352614,7.723276260990282,4.02776492364646,13.633965756594169,15.510411846367422,7.756131420638593
lm-sys_FastChat,1.9076923076923078,0.0,0.0,0.0,0.15,0.0,0.43846153846153846,0.08076923076923077,0.0,0.43846153846153846,7.815384615384615,8.615384615384615,4.35,2.3653846153846154,7.815384615384615,8.615384615384615,4.35
geekan_MetaGPT,1.8405172413793103,0.0,0.0,0.0,0.38362068965517243,0.0,1.5280172413793103,1.0107758620689655,0.0,1.5474137931034482,6.993534482758621,8.849137931034482,4.495689655172414,2.5560344827586206,7.127155172413793,9.004310344827585,4.603448275862069
sqlmapproject_sqlmap,4.100573215216259,0.0,0.0,0.0,0.3866597186034393,0.0,1.6195935383011986,0.9463262115685253,0.0,1.6263678999478894,11.164669098488796,14.69254820218864,9.183428869202709,2.0145909327774882,11.277227722772277,14.81500781657113,9.260031266284523
streamlit_streamlit,1.4669590643274855,0.0,0.0,0.0,0.3263157894736842,0.0,3.4842105263157896,2.7005847953216375,0.0,3.506432748538012,9.77719298245614,14.381286549707601,4.808187134502924,1.758187134502924,10.119298245614035,14.76374269005848,4.9564327485380115
